Entity,Code,Year,CO( concentration (parts per million)),key,Population,Crude Oil Consumption
World,OWID_WRL,-803719,207.29,OWID_WRL-803719,,
World,OWID_WRL,-803182,202.23,OWID_WRL-803182,,
World,OWID_WRL,-802573,204.86,OWID_WRL-802573,,
World,OWID_WRL,-802060,207.5,OWID_WRL-802060,,
World,OWID_WRL,-801975,202.92,OWID_WRL-801975,,
World,OWID_WRL,-801759,202.65,OWID_WRL-801759,,
World,OWID_WRL,-800922,198.66,OWID_WRL-800922,,
World,OWID_WRL,-799286,198.68,OWID_WRL-799286,,
World,OWID_WRL,-796731,200.49,OWID_WRL-796731,,
World,OWID_WRL,-795429,197.91,OWID_WRL-795429,,
World,OWID_WRL,-794903,198.79,OWID_WRL-794903,,
World,OWID_WRL,-793737,204.62,OWID_WRL-793737,,
World,OWID_WRL,-793172,208.79,OWID_WRL-793172,,
World,OWID_WRL,-791903,218.39,OWID_WRL-791903,,
World,OWID_WRL,-791569,213.36,OWID_WRL-791569,,
World,OWID_WRL,-790667,214.45,OWID_WRL-790667,,
World,OWID_WRL,-790081,224.69,OWID_WRL-790081,,
World,OWID_WRL,-789107,230.55,OWID_WRL-789107,,
World,OWID_WRL,-788689,227.38,OWID_WRL-788689,,
World,OWID_WRL,-788003,235.49,OWID_WRL-788003,,
World,OWID_WRL,-787544,238.64,OWID_WRL-787544,,
World,OWID_WRL,-786742,257.02,OWID_WRL-786742,,
World,OWID_WRL,-786529,257.2,OWID_WRL-786529,,
World,OWID_WRL,-785854,266,OWID_WRL-785854,,
World,OWID_WRL,-785406,269.36,OWID_WRL-785406,,
World,OWID_WRL,-784613,264.35,OWID_WRL-784613,,
World,OWID_WRL,-784240,262.23,OWID_WRL-784240,,
World,OWID_WRL,-783569,259.66,OWID_WRL-783569,,
World,OWID_WRL,-783084,255.85,OWID_WRL-783084,,
World,OWID_WRL,-782312,260.92,OWID_WRL-782312,,
World,OWID_WRL,-781249,255.02,OWID_WRL-781249,,
World,OWID_WRL,-780778,257.44,OWID_WRL-780778,,
World,OWID_WRL,-779937,251.51,OWID_WRL-779937,,
World,OWID_WRL,-779613,257.21,OWID_WRL-779613,,
World,OWID_WRL,-778769,252.52,OWID_WRL-778769,,
World,OWID_WRL,-778239,254.43,OWID_WRL-778239,,
World,OWID_WRL,-777418,254.69,OWID_WRL-777418,,
World,OWID_WRL,-777108,254.93,OWID_WRL-777108,,
World,OWID_WRL,-776283,252.46,OWID_WRL-776283,,
World,OWID_WRL,-775732,247.3,OWID_WRL-775732,,
World,OWID_WRL,-774833,248.92,OWID_WRL-774833,,
World,OWID_WRL,-774382,245.32,OWID_WRL-774382,,
World,OWID_WRL,-773588,241.74,OWID_WRL-773588,,
World,OWID_WRL,-773009,238.39,OWID_WRL-773009,,
World,OWID_WRL,-772094,239.23,OWID_WRL-772094,,
World,OWID_WRL,-771734,237.78,OWID_WRL-771734,,
World,OWID_WRL,-771300,246.03,OWID_WRL-771300,,
World,OWID_WRL,-771046,243.85,OWID_WRL-771046,,
World,OWID_WRL,-770788,246.49,OWID_WRL-770788,,
World,OWID_WRL,-770525,243.89,OWID_WRL-770525,,
World,OWID_WRL,-770225,239.71,OWID_WRL-770225,,
World,OWID_WRL,-769863,234.24,OWID_WRL-769863,,
World,OWID_WRL,-769569,236.32,OWID_WRL-769569,,
World,OWID_WRL,-769071,229.56,OWID_WRL-769071,,
World,OWID_WRL,-768649,230.63,OWID_WRL-768649,,
World,OWID_WRL,-767701,225.87,OWID_WRL-767701,,
World,OWID_WRL,-767111,221.64,OWID_WRL-767111,,
World,OWID_WRL,-766167,223.82,OWID_WRL-766167,,
World,OWID_WRL,-765797,224.86,OWID_WRL-765797,,
World,OWID_WRL,-764859,230.62,OWID_WRL-764859,,
World,OWID_WRL,-764239,232.12,OWID_WRL-764239,,
World,OWID_WRL,-763901,229.41,OWID_WRL-763901,,
World,OWID_WRL,-763637,233.66,OWID_WRL-763637,,
World,OWID_WRL,-763232,222.93,OWID_WRL-763232,,
World,OWID_WRL,-762727,223.89,OWID_WRL-762727,,
World,OWID_WRL,-761821,219.95,OWID_WRL-761821,,
World,OWID_WRL,-761152,214,OWID_WRL-761152,,
World,OWID_WRL,-760216,214.69,OWID_WRL-760216,,
World,OWID_WRL,-759914,216.64,OWID_WRL-759914,,
World,OWID_WRL,-758990,222.71,OWID_WRL-758990,,
World,OWID_WRL,-758566,225.62,OWID_WRL-758566,,
World,OWID_WRL,-758158,225.37,OWID_WRL-758158,,
World,OWID_WRL,-757928,223.02,OWID_WRL-757928,,
World,OWID_WRL,-757612,226.94,OWID_WRL-757612,,
World,OWID_WRL,-757186,222.72,OWID_WRL-757186,,
World,OWID_WRL,-756412,218.35,OWID_WRL-756412,,
World,OWID_WRL,-755835,213.61,OWID_WRL-755835,,
World,OWID_WRL,-754901,209.45,OWID_WRL-754901,,
World,OWID_WRL,-754616,208.1,OWID_WRL-754616,,
World,OWID_WRL,-753637,203.3,OWID_WRL-753637,,
World,OWID_WRL,-753165,199.05,OWID_WRL-753165,,
World,OWID_WRL,-751985,203.9,OWID_WRL-751985,,
World,OWID_WRL,-751539,195.43,OWID_WRL-751539,,
World,OWID_WRL,-750616,197.5,OWID_WRL-750616,,
World,OWID_WRL,-750024,193.55,OWID_WRL-750024,,
World,OWID_WRL,-749086,191.3,OWID_WRL-749086,,
World,OWID_WRL,-748756,192.08,OWID_WRL-748756,,
World,OWID_WRL,-747864,190.17,OWID_WRL-747864,,
World,OWID_WRL,-747313,188.68,OWID_WRL-747313,,
World,OWID_WRL,-746387,187.54,OWID_WRL-746387,,
World,OWID_WRL,-745990,187.95,OWID_WRL-745990,,
World,OWID_WRL,-745227,187.92,OWID_WRL-745227,,
World,OWID_WRL,-744670,190.24,OWID_WRL-744670,,
World,OWID_WRL,-743721,187.29,OWID_WRL-743721,,
World,OWID_WRL,-742573,188.97,OWID_WRL-742573,,
World,OWID_WRL,-742009,188.18,OWID_WRL-742009,,
World,OWID_WRL,-741112,187.33,OWID_WRL-741112,,
World,OWID_WRL,-740695,188.65,OWID_WRL-740695,,
World,OWID_WRL,-739924,189.14,OWID_WRL-739924,,
World,OWID_WRL,-739380,184.77,OWID_WRL-739380,,
World,OWID_WRL,-738511,183.39,OWID_WRL-738511,,
World,OWID_WRL,-738156,185.4,OWID_WRL-738156,,
World,OWID_WRL,-737225,185.61,OWID_WRL-737225,,
World,OWID_WRL,-736631,191.74,OWID_WRL-736631,,
World,OWID_WRL,-735710,204.52,OWID_WRL-735710,,
World,OWID_WRL,-735320,206.92,OWID_WRL-735320,,
World,OWID_WRL,-734572,213.14,OWID_WRL-734572,,
World,OWID_WRL,-734157,217.19,OWID_WRL-734157,,
World,OWID_WRL,-733460,217.88,OWID_WRL-733460,,
World,OWID_WRL,-733185,214.66,OWID_WRL-733185,,
World,OWID_WRL,-732513,216.15,OWID_WRL-732513,,
World,OWID_WRL,-732072,210.6,OWID_WRL-732072,,
World,OWID_WRL,-731379,207.72,OWID_WRL-731379,,
World,OWID_WRL,-731044,208.11,OWID_WRL-731044,,
World,OWID_WRL,-730372,213.73,OWID_WRL-730372,,
World,OWID_WRL,-729911,211.62,OWID_WRL-729911,,
World,OWID_WRL,-729234,210.7,OWID_WRL-729234,,
World,OWID_WRL,-728958,210.16,OWID_WRL-728958,,
World,OWID_WRL,-728310,212.17,OWID_WRL-728310,,
World,OWID_WRL,-727887,210.01,OWID_WRL-727887,,
World,OWID_WRL,-727038,211.08,OWID_WRL-727038,,
World,OWID_WRL,-726644,210.24,OWID_WRL-726644,,
World,OWID_WRL,-725949,210.07,OWID_WRL-725949,,
World,OWID_WRL,-724627,211.43,OWID_WRL-724627,,
World,OWID_WRL,-724300,211.08,OWID_WRL-724300,,
World,OWID_WRL,-723524,211.49,OWID_WRL-723524,,
World,OWID_WRL,-723025,210.48,OWID_WRL-723025,,
World,OWID_WRL,-722192,214.01,OWID_WRL-722192,,
World,OWID_WRL,-721830,212.55,OWID_WRL-721830,,
World,OWID_WRL,-721045,212.11,OWID_WRL-721045,,
World,OWID_WRL,-720556,216.1,OWID_WRL-720556,,
World,OWID_WRL,-719740,218.96,OWID_WRL-719740,,
World,OWID_WRL,-719458,219.2,OWID_WRL-719458,,
World,OWID_WRL,-718641,217.04,OWID_WRL-718641,,
World,OWID_WRL,-718137,212.03,OWID_WRL-718137,,
World,OWID_WRL,-717337,200.82,OWID_WRL-717337,,
World,OWID_WRL,-716828,193.46,OWID_WRL-716828,,
World,OWID_WRL,-716005,189.88,OWID_WRL-716005,,
World,OWID_WRL,-715398,198.43,OWID_WRL-715398,,
World,OWID_WRL,-714636,210.51,OWID_WRL-714636,,
World,OWID_WRL,-714360,213.6,OWID_WRL-714360,,
World,OWID_WRL,-713615,227.58,OWID_WRL-713615,,
World,OWID_WRL,-713166,223.14,OWID_WRL-713166,,
World,OWID_WRL,-712454,227.08,OWID_WRL-712454,,
World,OWID_WRL,-712116,227.64,OWID_WRL-712116,,
World,OWID_WRL,-711363,223.89,OWID_WRL-711363,,
World,OWID_WRL,-710294,224,OWID_WRL-710294,,
World,OWID_WRL,-710071,224.12,OWID_WRL-710071,,
World,OWID_WRL,-709449,225.39,OWID_WRL-709449,,
World,OWID_WRL,-709033,224.9,OWID_WRL-709033,,
World,OWID_WRL,-708506,227.03,OWID_WRL-708506,,
World,OWID_WRL,-707960,230.51,OWID_WRL-707960,,
World,OWID_WRL,-707504,231.43,OWID_WRL-707504,,
World,OWID_WRL,-707009,234.84,OWID_WRL-707009,,
World,OWID_WRL,-706463,233.11,OWID_WRL-706463,,
World,OWID_WRL,-706250,233.58,OWID_WRL-706250,,
World,OWID_WRL,-705694,233.51,OWID_WRL-705694,,
World,OWID_WRL,-705361,238.85,OWID_WRL-705361,,
World,OWID_WRL,-704761,236.05,OWID_WRL-704761,,
World,OWID_WRL,-704543,236.05,OWID_WRL-704543,,
World,OWID_WRL,-704103,237.66,OWID_WRL-704103,,
World,OWID_WRL,-703777,237.18,OWID_WRL-703777,,
World,OWID_WRL,-703294,235.09,OWID_WRL-703294,,
World,OWID_WRL,-703103,234.04,OWID_WRL-703103,,
World,OWID_WRL,-702632,233.54,OWID_WRL-702632,,
World,OWID_WRL,-702301,232.83,OWID_WRL-702301,,
World,OWID_WRL,-701846,232.28,OWID_WRL-701846,,
World,OWID_WRL,-701519,233.35,OWID_WRL-701519,,
World,OWID_WRL,-701060,230.59,OWID_WRL-701060,,
World,OWID_WRL,-700784,232.18,OWID_WRL-700784,,
World,OWID_WRL,-700251,232.16,OWID_WRL-700251,,
World,OWID_WRL,-700043,230.88,OWID_WRL-700043,,
World,OWID_WRL,-699575,232.46,OWID_WRL-699575,,
World,OWID_WRL,-699319,235.42,OWID_WRL-699319,,
World,OWID_WRL,-698865,236.61,OWID_WRL-698865,,
World,OWID_WRL,-698535,236.72,OWID_WRL-698535,,
World,OWID_WRL,-698154,237.21,OWID_WRL-698154,,
World,OWID_WRL,-697915,239.73,OWID_WRL-697915,,
World,OWID_WRL,-697489,239.01,OWID_WRL-697489,,
World,OWID_WRL,-697266,238.86,OWID_WRL-697266,,
World,OWID_WRL,-696803,241.83,OWID_WRL-696803,,
World,OWID_WRL,-696556,240.9,OWID_WRL-696556,,
World,OWID_WRL,-696089,241.03,OWID_WRL-696089,,
World,OWID_WRL,-695797,239.88,OWID_WRL-695797,,
World,OWID_WRL,-695392,238.42,OWID_WRL-695392,,
World,OWID_WRL,-695140,239.44,OWID_WRL-695140,,
World,OWID_WRL,-694695,238.13,OWID_WRL-694695,,
World,OWID_WRL,-694485,238.05,OWID_WRL-694485,,
World,OWID_WRL,-694032,238.74,OWID_WRL-694032,,
World,OWID_WRL,-693782,236.8,OWID_WRL-693782,,
World,OWID_WRL,-693309,239.8,OWID_WRL-693309,,
World,OWID_WRL,-692999,239.31,OWID_WRL-692999,,
World,OWID_WRL,-692587,240.46,OWID_WRL-692587,,
World,OWID_WRL,-692330,239.34,OWID_WRL-692330,,
World,OWID_WRL,-691871,237.76,OWID_WRL-691871,,
World,OWID_WRL,-691624,243.7,OWID_WRL-691624,,
World,OWID_WRL,-691127,238.47,OWID_WRL-691127,,
World,OWID_WRL,-690882,239.3,OWID_WRL-690882,,
World,OWID_WRL,-690368,243.56,OWID_WRL-690368,,
World,OWID_WRL,-690018,239.38,OWID_WRL-690018,,
World,OWID_WRL,-689518,238.42,OWID_WRL-689518,,
World,OWID_WRL,-689272,239.29,OWID_WRL-689272,,
World,OWID_WRL,-688786,236.45,OWID_WRL-688786,,
World,OWID_WRL,-688525,235.8,OWID_WRL-688525,,
World,OWID_WRL,-688001,232.27,OWID_WRL-688001,,
World,OWID_WRL,-687743,232.07,OWID_WRL-687743,,
World,OWID_WRL,-687208,230.67,OWID_WRL-687208,,
World,OWID_WRL,-686860,227.64,OWID_WRL-686860,,
World,OWID_WRL,-686350,227.65,OWID_WRL-686350,,
World,OWID_WRL,-686050,226.73,OWID_WRL-686050,,
World,OWID_WRL,-685495,222.97,OWID_WRL-685495,,
World,OWID_WRL,-685204,222.7,OWID_WRL-685204,,
World,OWID_WRL,-684632,222.62,OWID_WRL-684632,,
World,OWID_WRL,-684319,220.63,OWID_WRL-684319,,
World,OWID_WRL,-683730,220.62,OWID_WRL-683730,,
World,OWID_WRL,-683345,221.82,OWID_WRL-683345,,
World,OWID_WRL,-682808,224.36,OWID_WRL-682808,,
World,OWID_WRL,-682474,225.64,OWID_WRL-682474,,
World,OWID_WRL,-681879,222.7,OWID_WRL-681879,,
World,OWID_WRL,-681508,220.24,OWID_WRL-681508,,
World,OWID_WRL,-680790,219.14,OWID_WRL-680790,,
World,OWID_WRL,-680394,221.31,OWID_WRL-680394,,
World,OWID_WRL,-679720,227.9,OWID_WRL-679720,,
World,OWID_WRL,-679276,225.81,OWID_WRL-679276,,
World,OWID_WRL,-678678,233.11,OWID_WRL-678678,,
World,OWID_WRL,-678363,233.61,OWID_WRL-678363,,
World,OWID_WRL,-677785,232.7,OWID_WRL-677785,,
World,OWID_WRL,-677505,229.16,OWID_WRL-677505,,
World,OWID_WRL,-676792,220.09,OWID_WRL-676792,,
World,OWID_WRL,-676378,218.21,OWID_WRL-676378,,
World,OWID_WRL,-675651,216.59,OWID_WRL-675651,,
World,OWID_WRL,-675202,219.96,OWID_WRL-675202,,
World,OWID_WRL,-674581,222.57,OWID_WRL-674581,,
World,OWID_WRL,-673457,216.12,OWID_WRL-673457,,
World,OWID_WRL,-673078,211.69,OWID_WRL-673078,,
World,OWID_WRL,-672279,204.67,OWID_WRL-672279,,
World,OWID_WRL,-671746,201.12,OWID_WRL-671746,,
World,OWID_WRL,-670811,197.13,OWID_WRL-670811,,
World,OWID_WRL,-670201,194.79,OWID_WRL-670201,,
World,OWID_WRL,-669508,196.83,OWID_WRL-669508,,
World,OWID_WRL,-669121,194.88,OWID_WRL-669121,,
World,OWID_WRL,-668346,191.51,OWID_WRL-668346,,
World,OWID_WRL,-667869,187.66,OWID_WRL-667869,,
World,OWID_WRL,-666966,180.67,OWID_WRL-666966,,
World,OWID_WRL,-666465,177.71,OWID_WRL-666465,,
World,OWID_WRL,-665460,173.71,OWID_WRL-665460,,
World,OWID_WRL,-664803,174.77,OWID_WRL-664803,,
World,OWID_WRL,-663887,180.54,OWID_WRL-663887,,
World,OWID_WRL,-663372,180.17,OWID_WRL-663372,,
World,OWID_WRL,-662458,187.77,OWID_WRL-662458,,
World,OWID_WRL,-662370,192.55,OWID_WRL-662370,,
World,OWID_WRL,-661988,191.02,OWID_WRL-661988,,
World,OWID_WRL,-660928,190.86,OWID_WRL-660928,,
World,OWID_WRL,-660847,193.91,OWID_WRL-660847,,
World,OWID_WRL,-660332,189.69,OWID_WRL-660332,,
World,OWID_WRL,-659266,191.59,OWID_WRL-659266,,
World,OWID_WRL,-659168,193.97,OWID_WRL-659168,,
World,OWID_WRL,-658514,188.43,OWID_WRL-658514,,
World,OWID_WRL,-657462,185.68,OWID_WRL-657462,,
World,OWID_WRL,-657344,187.38,OWID_WRL-657344,,
World,OWID_WRL,-656814,184.1,OWID_WRL-656814,,
World,OWID_WRL,-655772,190.88,OWID_WRL-655772,,
World,OWID_WRL,-655704,189.23,OWID_WRL-655704,,
World,OWID_WRL,-655231,192.93,OWID_WRL-655231,,
World,OWID_WRL,-654183,200.35,OWID_WRL-654183,,
World,OWID_WRL,-653574,200,OWID_WRL-653574,,
World,OWID_WRL,-652489,194.82,OWID_WRL-652489,,
World,OWID_WRL,-651780,192.87,OWID_WRL-651780,,
World,OWID_WRL,-650759,186.79,OWID_WRL-650759,,
World,OWID_WRL,-650154,187.27,OWID_WRL-650154,,
World,OWID_WRL,-648997,193.44,OWID_WRL-648997,,
World,OWID_WRL,-648398,189.25,OWID_WRL-648398,,
World,OWID_WRL,-647241,196.17,OWID_WRL-647241,,
World,OWID_WRL,-646662,193.48,OWID_WRL-646662,,
World,OWID_WRL,-645305,191.85,OWID_WRL-645305,,
World,OWID_WRL,-644427,189.89,OWID_WRL-644427,,
World,OWID_WRL,-643201,195.82,OWID_WRL-643201,,
World,OWID_WRL,-642351,195.31,OWID_WRL-642351,,
World,OWID_WRL,-640907,191.56,OWID_WRL-640907,,
World,OWID_WRL,-640125,191.38,OWID_WRL-640125,,
World,OWID_WRL,-638422,190.18,OWID_WRL-638422,,
World,OWID_WRL,-637468,188.85,OWID_WRL-637468,,
World,OWID_WRL,-635764,195.33,OWID_WRL-635764,,
World,OWID_WRL,-634572,194,OWID_WRL-634572,,
World,OWID_WRL,-633059,194.86,OWID_WRL-633059,,
World,OWID_WRL,-632931,195.95,OWID_WRL-632931,,
World,OWID_WRL,-632128,193.1,OWID_WRL-632128,,
World,OWID_WRL,-630407,196.5,OWID_WRL-630407,,
World,OWID_WRL,-629576,200.46,OWID_WRL-629576,,
World,OWID_WRL,-627916,200.78,OWID_WRL-627916,,
World,OWID_WRL,-627820,205.27,OWID_WRL-627820,,
World,OWID_WRL,-627190,199.52,OWID_WRL-627190,,
World,OWID_WRL,-625880,205.76,OWID_WRL-625880,,
World,OWID_WRL,-625019,215.71,OWID_WRL-625019,,
World,OWID_WRL,-624097,228.51,OWID_WRL-624097,,
World,OWID_WRL,-623448,235.02,OWID_WRL-623448,,
World,OWID_WRL,-622547,237.93,OWID_WRL-622547,,
World,OWID_WRL,-621105,239.19,OWID_WRL-621105,,
World,OWID_WRL,-621001,243.89,OWID_WRL-621001,,
World,OWID_WRL,-619701,243.53,OWID_WRL-619701,,
World,OWID_WRL,-618334,245.89,OWID_WRL-618334,,
World,OWID_WRL,-617004,248.29,OWID_WRL-617004,,
World,OWID_WRL,-615660,252.64,OWID_WRL-615660,,
World,OWID_WRL,-614407,252.73,OWID_WRL-614407,,
World,OWID_WRL,-614349,252.9,OWID_WRL-614349,,
World,OWID_WRL,-613191,252.75,OWID_WRL-613191,,
World,OWID_WRL,-611993,256.19,OWID_WRL-611993,,
World,OWID_WRL,-610812,258.14,OWID_WRL-610812,,
World,OWID_WRL,-609651,259.68,OWID_WRL-609651,,
World,OWID_WRL,-609601,257.82,OWID_WRL-609601,,
World,OWID_WRL,-608480,257.74,OWID_WRL-608480,,
World,OWID_WRL,-607297,259.22,OWID_WRL-607297,,
World,OWID_WRL,-606029,254.58,OWID_WRL-606029,,
World,OWID_WRL,-604676,248.48,OWID_WRL-604676,,
World,OWID_WRL,-603353,244.53,OWID_WRL-603353,,
World,OWID_WRL,-601999,239.14,OWID_WRL-601999,,
World,OWID_WRL,-600651,237.86,OWID_WRL-600651,,
World,OWID_WRL,-599305,232.45,OWID_WRL-599305,,
World,OWID_WRL,-597865,229.38,OWID_WRL-597865,,
World,OWID_WRL,-597268,225.97,OWID_WRL-597268,,
World,OWID_WRL,-596380,219.02,OWID_WRL-596380,,
World,OWID_WRL,-595854,216.27,OWID_WRL-595854,,
World,OWID_WRL,-594841,216.44,OWID_WRL-594841,,
World,OWID_WRL,-594272,221.22,OWID_WRL-594272,,
World,OWID_WRL,-593486,232.92,OWID_WRL-593486,,
World,OWID_WRL,-592914,237.98,OWID_WRL-592914,,
World,OWID_WRL,-592097,238.15,OWID_WRL-592097,,
World,OWID_WRL,-591611,233.16,OWID_WRL-591611,,
World,OWID_WRL,-590836,229.39,OWID_WRL-590836,,
World,OWID_WRL,-590433,225.68,OWID_WRL-590433,,
World,OWID_WRL,-589069,237.38,OWID_WRL-589069,,
World,OWID_WRL,-588539,243.56,OWID_WRL-588539,,
World,OWID_WRL,-588090,248.1,OWID_WRL-588090,,
World,OWID_WRL,-587475,250.2,OWID_WRL-587475,,
World,OWID_WRL,-586991,246.35,OWID_WRL-586991,,
World,OWID_WRL,-586329,238.78,OWID_WRL-586329,,
World,OWID_WRL,-585939,234.4,OWID_WRL-585939,,
World,OWID_WRL,-585222,225.99,OWID_WRL-585222,,
World,OWID_WRL,-584771,223.96,OWID_WRL-584771,,
World,OWID_WRL,-582009,210.64,OWID_WRL-582009,,
World,OWID_WRL,-581624,206.68,OWID_WRL-581624,,
World,OWID_WRL,-580886,209.88,OWID_WRL-580886,,
World,OWID_WRL,-580505,215.45,OWID_WRL-580505,,
World,OWID_WRL,-579978,219.41,OWID_WRL-579978,,
World,OWID_WRL,-579597,225.21,OWID_WRL-579597,,
World,OWID_WRL,-579169,230.26,OWID_WRL-579169,,
World,OWID_WRL,-578864,236.17,OWID_WRL-578864,,
World,OWID_WRL,-578452,243.81,OWID_WRL-578452,,
World,OWID_WRL,-578261,244.14,OWID_WRL-578261,,
World,OWID_WRL,-577883,251.47,OWID_WRL-577883,,
World,OWID_WRL,-577331,252.92,OWID_WRL-577331,,
World,OWID_WRL,-576792,249.06,OWID_WRL-576792,,
World,OWID_WRL,-576246,251.08,OWID_WRL-576246,,
World,OWID_WRL,-575704,251.34,OWID_WRL-575704,,
World,OWID_WRL,-575165,251.3,OWID_WRL-575165,,
World,OWID_WRL,-574649,252.9,OWID_WRL-574649,,
World,OWID_WRL,-574163,252.54,OWID_WRL-574163,,
World,OWID_WRL,-573705,248.86,OWID_WRL-573705,,
World,OWID_WRL,-573284,252.08,OWID_WRL-573284,,
World,OWID_WRL,-572856,251.86,OWID_WRL-572856,,
World,OWID_WRL,-572415,251.77,OWID_WRL-572415,,
World,OWID_WRL,-571963,248.72,OWID_WRL-571963,,
World,OWID_WRL,-571526,249.19,OWID_WRL-571526,,
World,OWID_WRL,-571104,247.66,OWID_WRL-571104,,
World,OWID_WRL,-570720,246.31,OWID_WRL-570720,,
World,OWID_WRL,-570366,250.3,OWID_WRL-570366,,
World,OWID_WRL,-570025,251.6,OWID_WRL-570025,,
World,OWID_WRL,-569683,249.6,OWID_WRL-569683,,
World,OWID_WRL,-569311,251.8,OWID_WRL-569311,,
World,OWID_WRL,-568912,251.8,OWID_WRL-568912,,
World,OWID_WRL,-568513,251.3,OWID_WRL-568513,,
World,OWID_WRL,-568117,250,OWID_WRL-568117,,
World,OWID_WRL,-567734,251.3,OWID_WRL-567734,,
World,OWID_WRL,-567365,250.2,OWID_WRL-567365,,
World,OWID_WRL,-566980,253,OWID_WRL-566980,,
World,OWID_WRL,-566584,252.8,OWID_WRL-566584,,
World,OWID_WRL,-566254,253.9,OWID_WRL-566254,,
World,OWID_WRL,-565935,253.2,OWID_WRL-565935,,
World,OWID_WRL,-565599,254.5,OWID_WRL-565599,,
World,OWID_WRL,-565289,253.9,OWID_WRL-565289,,
World,OWID_WRL,-564968,254.3,OWID_WRL-564968,,
World,OWID_WRL,-564639,253.7,OWID_WRL-564639,,
World,OWID_WRL,-564295,251.4,OWID_WRL-564295,,
World,OWID_WRL,-563946,252.6,OWID_WRL-563946,,
World,OWID_WRL,-563589,252.4,OWID_WRL-563589,,
World,OWID_WRL,-563184,251.4,OWID_WRL-563184,,
World,OWID_WRL,-562774,247.6,OWID_WRL-562774,,
World,OWID_WRL,-562361,245.8,OWID_WRL-562361,,
World,OWID_WRL,-561978,245.7,OWID_WRL-561978,,
World,OWID_WRL,-561586,242.3,OWID_WRL-561586,,
World,OWID_WRL,-561185,240.1,OWID_WRL-561185,,
World,OWID_WRL,-560706,234.1,OWID_WRL-560706,,
World,OWID_WRL,-560360,234.6,OWID_WRL-560360,,
World,OWID_WRL,-559938,231.9,OWID_WRL-559938,,
World,OWID_WRL,-559501,231.6,OWID_WRL-559501,,
World,OWID_WRL,-559016,228.3,OWID_WRL-559016,,
World,OWID_WRL,-558487,230.3,OWID_WRL-558487,,
World,OWID_WRL,-557923,230.2,OWID_WRL-557923,,
World,OWID_WRL,-557687,229.7,OWID_WRL-557687,,
World,OWID_WRL,-557366,234.5,OWID_WRL-557366,,
World,OWID_WRL,-556828,238.1,OWID_WRL-556828,,
World,OWID_WRL,-556356,240.4,OWID_WRL-556356,,
World,OWID_WRL,-556205,245.6,OWID_WRL-556205,,
World,OWID_WRL,-555888,250.5,OWID_WRL-555888,,
World,OWID_WRL,-555707,244,OWID_WRL-555707,,
World,OWID_WRL,-555435,249.1,OWID_WRL-555435,,
World,OWID_WRL,-555249,243,OWID_WRL-555249,,
World,OWID_WRL,-554973,241,OWID_WRL-554973,,
World,OWID_WRL,-554457,233.9,OWID_WRL-554457,,
World,OWID_WRL,-553892,226.7,OWID_WRL-553892,,
World,OWID_WRL,-553208,224.3,OWID_WRL-553208,,
World,OWID_WRL,-552530,223.6,OWID_WRL-552530,,
World,OWID_WRL,-551859,220.3,OWID_WRL-551859,,
World,OWID_WRL,-551669,222.1,OWID_WRL-551669,,
World,OWID_WRL,-551296,226.3,OWID_WRL-551296,,
World,OWID_WRL,-551071,222.3,OWID_WRL-551071,,
World,OWID_WRL,-550732,221.7,OWID_WRL-550732,,
World,OWID_WRL,-550161,219.9,OWID_WRL-550161,,
World,OWID_WRL,-549431,215.2,OWID_WRL-549431,,
World,OWID_WRL,-548633,213.6,OWID_WRL-548633,,
World,OWID_WRL,-548281,208.8,OWID_WRL-548281,,
World,OWID_WRL,-547770,202.5,OWID_WRL-547770,,
World,OWID_WRL,-546821,204.6,OWID_WRL-546821,,
World,OWID_WRL,-545857,209.7,OWID_WRL-545857,,
World,OWID_WRL,-544880,209.6,OWID_WRL-544880,,
World,OWID_WRL,-543915,210.3,OWID_WRL-543915,,
World,OWID_WRL,-542936,208.1,OWID_WRL-542936,,
World,OWID_WRL,-541895,203.6,OWID_WRL-541895,,
World,OWID_WRL,-540790,205,OWID_WRL-540790,,
World,OWID_WRL,-539704,211.2,OWID_WRL-539704,,
World,OWID_WRL,-538634,212.9,OWID_WRL-538634,,
World,OWID_WRL,-537564,206.4,OWID_WRL-537564,,
World,OWID_WRL,-536491,205,OWID_WRL-536491,,
World,OWID_WRL,-535384,199.4,OWID_WRL-535384,,
World,OWID_WRL,-534228,199.8,OWID_WRL-534228,,
World,OWID_WRL,-533745,190.5,OWID_WRL-533745,,
World,OWID_WRL,-533094,193.8,OWID_WRL-533094,,
World,OWID_WRL,-532718,195.1,OWID_WRL-532718,,
World,OWID_WRL,-531982,200,OWID_WRL-531982,,
World,OWID_WRL,-531604,204.4,OWID_WRL-531604,,
World,OWID_WRL,-531038,211.4,OWID_WRL-531038,,
World,OWID_WRL,-530643,214.5,OWID_WRL-530643,,
World,OWID_WRL,-530129,220.7,OWID_WRL-530129,,
World,OWID_WRL,-529251,220.3,OWID_WRL-529251,,
World,OWID_WRL,-528341,221.2,OWID_WRL-528341,,
World,OWID_WRL,-527453,222.7,OWID_WRL-527453,,
World,OWID_WRL,-526567,224.7,OWID_WRL-526567,,
World,OWID_WRL,-525749,227.8,OWID_WRL-525749,,
World,OWID_WRL,-524946,230.3,OWID_WRL-524946,,
World,OWID_WRL,-524157,233.7,OWID_WRL-524157,,
World,OWID_WRL,-523387,235.8,OWID_WRL-523387,,
World,OWID_WRL,-522621,236.8,OWID_WRL-522621,,
World,OWID_WRL,-521852,241.9,OWID_WRL-521852,,
World,OWID_WRL,-519624,243.5,OWID_WRL-519624,,
World,OWID_WRL,-518872,245.5,OWID_WRL-518872,,
World,OWID_WRL,-518123,247.7,OWID_WRL-518123,,
World,OWID_WRL,-517379,245.3,OWID_WRL-517379,,
World,OWID_WRL,-516650,245.5,OWID_WRL-516650,,
World,OWID_WRL,-515926,246.2,OWID_WRL-515926,,
World,OWID_WRL,-515205,247.2,OWID_WRL-515205,,
World,OWID_WRL,-514471,243,OWID_WRL-514471,,
World,OWID_WRL,-513701,241.5,OWID_WRL-513701,,
World,OWID_WRL,-512898,239.2,OWID_WRL-512898,,
World,OWID_WRL,-512083,238.2,OWID_WRL-512083,,
World,OWID_WRL,-511255,242,OWID_WRL-511255,,
World,OWID_WRL,-510414,235.2,OWID_WRL-510414,,
World,OWID_WRL,-509562,236.4,OWID_WRL-509562,,
World,OWID_WRL,-508702,233.4,OWID_WRL-508702,,
World,OWID_WRL,-507835,240.3,OWID_WRL-507835,,
World,OWID_WRL,-506991,237,OWID_WRL-506991,,
World,OWID_WRL,-506168,238.2,OWID_WRL-506168,,
World,OWID_WRL,-505362,236,OWID_WRL-505362,,
World,OWID_WRL,-504534,235.5,OWID_WRL-504534,,
World,OWID_WRL,-503734,233.9,OWID_WRL-503734,,
World,OWID_WRL,-502962,234.1,OWID_WRL-502962,,
World,OWID_WRL,-502227,232.2,OWID_WRL-502227,,
World,OWID_WRL,-501469,232,OWID_WRL-501469,,
World,OWID_WRL,-500688,231.2,OWID_WRL-500688,,
World,OWID_WRL,-499911,230.8,OWID_WRL-499911,,
World,OWID_WRL,-499134,228.2,OWID_WRL-499134,,
World,OWID_WRL,-498355,230.8,OWID_WRL-498355,,
World,OWID_WRL,-497577,230.6,OWID_WRL-497577,,
World,OWID_WRL,-496787,232.8,OWID_WRL-496787,,
World,OWID_WRL,-496016,236.5,OWID_WRL-496016,,
World,OWID_WRL,-495238,236.4,OWID_WRL-495238,,
World,OWID_WRL,-494494,237.6,OWID_WRL-494494,,
World,OWID_WRL,-493776,238.5,OWID_WRL-493776,,
World,OWID_WRL,-493074,238.3,OWID_WRL-493074,,
World,OWID_WRL,-492350,239.1,OWID_WRL-492350,,
World,OWID_WRL,-491643,239.7,OWID_WRL-491643,,
World,OWID_WRL,-490914,243.7,OWID_WRL-490914,,
World,OWID_WRL,-490205,246.7,OWID_WRL-490205,,
World,OWID_WRL,-489501,243.3,OWID_WRL-489501,,
World,OWID_WRL,-488784,242.6,OWID_WRL-488784,,
World,OWID_WRL,-488545,249.3,OWID_WRL-488545,,
World,OWID_WRL,-488076,252.8,OWID_WRL-488076,,
World,OWID_WRL,-487770,240.9,OWID_WRL-487770,,
World,OWID_WRL,-487352,242,OWID_WRL-487352,,
World,OWID_WRL,-486615,237.1,OWID_WRL-486615,,
World,OWID_WRL,-485898,231.3,OWID_WRL-485898,,
World,OWID_WRL,-485179,232.9,OWID_WRL-485179,,
World,OWID_WRL,-484449,233,OWID_WRL-484449,,
World,OWID_WRL,-483718,231.2,OWID_WRL-483718,,
World,OWID_WRL,-482986,231.4,OWID_WRL-482986,,
World,OWID_WRL,-482230,231.4,OWID_WRL-482230,,
World,OWID_WRL,-481445,227.3,OWID_WRL-481445,,
World,OWID_WRL,-480631,223.4,OWID_WRL-480631,,
World,OWID_WRL,-479713,223.8,OWID_WRL-479713,,
World,OWID_WRL,-478777,218.8,OWID_WRL-478777,,
World,OWID_WRL,-478378,220.8,OWID_WRL-478378,,
World,OWID_WRL,-477826,231.3,OWID_WRL-477826,,
World,OWID_WRL,-477453,236.5,OWID_WRL-477453,,
World,OWID_WRL,-476942,239.1,OWID_WRL-476942,,
World,OWID_WRL,-475991,236.6,OWID_WRL-475991,,
World,OWID_WRL,-475000,232.8,OWID_WRL-475000,,
World,OWID_WRL,-473975,233.1,OWID_WRL-473975,,
World,OWID_WRL,-473024,241.2,OWID_WRL-473024,,
World,OWID_WRL,-472142,245.6,OWID_WRL-472142,,
World,OWID_WRL,-471851,243.9,OWID_WRL-471851,,
World,OWID_WRL,-471268,243.7,OWID_WRL-471268,,
World,OWID_WRL,-470913,232.7,OWID_WRL-470913,,
World,OWID_WRL,-470313,229.2,OWID_WRL-470313,,
World,OWID_WRL,-469875,218.7,OWID_WRL-469875,,
World,OWID_WRL,-469251,215.5,OWID_WRL-469251,,
World,OWID_WRL,-468776,206.5,OWID_WRL-468776,,
World,OWID_WRL,-468090,205.5,OWID_WRL-468090,,
World,OWID_WRL,-466928,203.4,OWID_WRL-466928,,
World,OWID_WRL,-465757,204.4,OWID_WRL-465757,,
World,OWID_WRL,-464682,208.1,OWID_WRL-464682,,
World,OWID_WRL,-463652,210,OWID_WRL-463652,,
World,OWID_WRL,-463315,205.2,OWID_WRL-463315,,
World,OWID_WRL,-462649,199.9,OWID_WRL-462649,,
World,OWID_WRL,-461577,194.4,OWID_WRL-461577,,
World,OWID_WRL,-460464,190.7,OWID_WRL-460464,,
World,OWID_WRL,-459336,195.5,OWID_WRL-459336,,
World,OWID_WRL,-458302,202.4,OWID_WRL-458302,,
World,OWID_WRL,-457262,208.3,OWID_WRL-457262,,
World,OWID_WRL,-456844,203.3,OWID_WRL-456844,,
World,OWID_WRL,-456258,204.3,OWID_WRL-456258,,
World,OWID_WRL,-455795,199.1,OWID_WRL-455795,,
World,OWID_WRL,-455164,192.5,OWID_WRL-455164,,
World,OWID_WRL,-454052,193.3,OWID_WRL-454052,,
World,OWID_WRL,-452914,198.4,OWID_WRL-452914,,
World,OWID_WRL,-451826,201.9,OWID_WRL-451826,,
World,OWID_WRL,-450786,204.9,OWID_WRL-450786,,
World,OWID_WRL,-449797,201.2,OWID_WRL-449797,,
World,OWID_WRL,-448693,201.7,OWID_WRL-448693,,
World,OWID_WRL,-447621,208.1,OWID_WRL-447621,,
World,OWID_WRL,-446509,203.5,OWID_WRL-446509,,
World,OWID_WRL,-445269,201.1,OWID_WRL-445269,,
World,OWID_WRL,-443382,199.1,OWID_WRL-443382,,
World,OWID_WRL,-441895,202,OWID_WRL-441895,,
World,OWID_WRL,-440281,201.3,OWID_WRL-440281,,
World,OWID_WRL,-438710,201.7,OWID_WRL-438710,,
World,OWID_WRL,-437113,200.3,OWID_WRL-437113,,
World,OWID_WRL,-435535,207.5,OWID_WRL-435535,,
World,OWID_WRL,-433990,209.8,OWID_WRL-433990,,
World,OWID_WRL,-432429,207.6,OWID_WRL-432429,,
World,OWID_WRL,-431900,211.5,OWID_WRL-431900,,
World,OWID_WRL,-430229,227.2,OWID_WRL-430229,,
World,OWID_WRL,-429074,219.7,OWID_WRL-429074,,
World,OWID_WRL,-427228,242.5,OWID_WRL-427228,,
World,OWID_WRL,-426890,248.2,OWID_WRL-426890,,
World,OWID_WRL,-425991,252.1,OWID_WRL-425991,,
World,OWID_WRL,-425205,255.3,OWID_WRL-425205,,
World,OWID_WRL,-424672,265.4,OWID_WRL-424672,,
World,OWID_WRL,-424287,270,OWID_WRL-424287,,
World,OWID_WRL,-423791,270.8,OWID_WRL-423791,,
World,OWID_WRL,-423182,268.3,OWID_WRL-423182,,
World,OWID_WRL,-422558,267.7,OWID_WRL-422558,,
World,OWID_WRL,-421275,270.6,OWID_WRL-421275,,
World,OWID_WRL,-420583,266.4,OWID_WRL-420583,,
World,OWID_WRL,-419962,268.6,OWID_WRL-419962,,
World,OWID_WRL,-418752,273.8,OWID_WRL-418752,,
World,OWID_WRL,-418184,271.2,OWID_WRL-418184,,
World,OWID_WRL,-417626,273.7,OWID_WRL-417626,,
World,OWID_WRL,-416555,274.6,OWID_WRL-416555,,
World,OWID_WRL,-416007,271.8,OWID_WRL-416007,,
World,OWID_WRL,-415490,273.4,OWID_WRL-415490,,
World,OWID_WRL,-414475,271.7,OWID_WRL-414475,,
World,OWID_WRL,-413996,276.4,OWID_WRL-413996,,
World,OWID_WRL,-413230,271.6,OWID_WRL-413230,,
World,OWID_WRL,-412261,264.9,OWID_WRL-412261,,
World,OWID_WRL,-411309,274.9,OWID_WRL-411309,,
World,OWID_WRL,-409398,283.5,OWID_WRL-409398,,
World,OWID_WRL,-408504,282.6,OWID_WRL-408504,,
World,OWID_WRL,-407648,274.7,OWID_WRL-407648,,
World,OWID_WRL,-406869,284.5,OWID_WRL-406869,,
World,OWID_WRL,-405332,285.6,OWID_WRL-405332,,
World,OWID_WRL,-404593,279.6,OWID_WRL-404593,,
World,OWID_WRL,-403113,280.5,OWID_WRL-403113,,
World,OWID_WRL,-402363,276.5,OWID_WRL-402363,,
World,OWID_WRL,-400910,275.7,OWID_WRL-400910,,
World,OWID_WRL,-400191,283.1,OWID_WRL-400191,,
World,OWID_WRL,-398760,283.2,OWID_WRL-398760,,
World,OWID_WRL,-397976,277.1,OWID_WRL-397976,,
World,OWID_WRL,-396325,276.3,OWID_WRL-396325,,
World,OWID_WRL,-392956,260.7,OWID_WRL-392956,,
World,OWID_WRL,-392054,273.6,OWID_WRL-392054,,
World,OWID_WRL,-391027,259.5,OWID_WRL-391027,,
World,OWID_WRL,-390337,258.1,OWID_WRL-390337,,
World,OWID_WRL,-387460,245.8,OWID_WRL-387460,,
World,OWID_WRL,-385875,246.8,OWID_WRL-385875,,
World,OWID_WRL,-384334,239.1,OWID_WRL-384334,,
World,OWID_WRL,-382607,240,OWID_WRL-382607,,
World,OWID_WRL,-380981,227,OWID_WRL-380981,,
World,OWID_WRL,-376810,229.6,OWID_WRL-376810,,
World,OWID_WRL,-375085,224.6,OWID_WRL-375085,,
World,OWID_WRL,-373255,214.7,OWID_WRL-373255,,
World,OWID_WRL,-371508,199.9,OWID_WRL-371508,,
World,OWID_WRL,-369436,201.9,OWID_WRL-369436,,
World,OWID_WRL,-366116,206.3,OWID_WRL-366116,,
World,OWID_WRL,-363240,201.2,OWID_WRL-363240,,
World,OWID_WRL,-360618,185.8,OWID_WRL-360618,,
World,OWID_WRL,-358734,186.1,OWID_WRL-358734,,
World,OWID_WRL,-357060,193,OWID_WRL-357060,,
World,OWID_WRL,-353868,209.2,OWID_WRL-353868,,
World,OWID_WRL,-352463,209.4,OWID_WRL-352463,,
World,OWID_WRL,-351225,216.2,OWID_WRL-351225,,
World,OWID_WRL,-349726,221.1,OWID_WRL-349726,,
World,OWID_WRL,-347189,220.3,OWID_WRL-347189,,
World,OWID_WRL,-345595,211.9,OWID_WRL-345595,,
World,OWID_WRL,-344371,204.8,OWID_WRL-344371,,
World,OWID_WRL,-343051,205.2,OWID_WRL-343051,,
World,OWID_WRL,-341974,200.7,OWID_WRL-341974,,
World,OWID_WRL,-340842,250.1,OWID_WRL-340842,,
World,OWID_WRL,-338785,234.2,OWID_WRL-338785,,
World,OWID_WRL,-338034,239.6,OWID_WRL-338034,,
World,OWID_WRL,-337041,241.9,OWID_WRL-337041,,
World,OWID_WRL,-336264,255.7,OWID_WRL-336264,,
World,OWID_WRL,-335567,270.5,OWID_WRL-335567,,
World,OWID_WRL,-334918,278.6,OWID_WRL-334918,,
World,OWID_WRL,-334428,285.8,OWID_WRL-334428,,
World,OWID_WRL,-333758,278.1,OWID_WRL-333758,,
World,OWID_WRL,-333152,298.6,OWID_WRL-333152,,
World,OWID_WRL,-332594,288.4,OWID_WRL-332594,,
World,OWID_WRL,-332399,289.1,OWID_WRL-332399,,
World,OWID_WRL,-332048,282.4,OWID_WRL-332048,,
World,OWID_WRL,-331550,273.1,OWID_WRL-331550,,
World,OWID_WRL,-330849,272.6,OWID_WRL-330849,,
World,OWID_WRL,-330194,271.7,OWID_WRL-330194,,
World,OWID_WRL,-329344,265,OWID_WRL-329344,,
World,OWID_WRL,-328103,275.1,OWID_WRL-328103,,
World,OWID_WRL,-327464,271.9,OWID_WRL-327464,,
World,OWID_WRL,-326821,270.1,OWID_WRL-326821,,
World,OWID_WRL,-326137,266.1,OWID_WRL-326137,,
World,OWID_WRL,-325486,264,OWID_WRL-325486,,
World,OWID_WRL,-324641,266.2,OWID_WRL-324641,,
World,OWID_WRL,-323873,260.5,OWID_WRL-323873,,
World,OWID_WRL,-323057,260.3,OWID_WRL-323057,,
World,OWID_WRL,-322217,260.4,OWID_WRL-322217,,
World,OWID_WRL,-321433,257.2,OWID_WRL-321433,,
World,OWID_WRL,-319867,249.2,OWID_WRL-319867,,
World,OWID_WRL,-318966,255.8,OWID_WRL-318966,,
World,OWID_WRL,-317880,233.4,OWID_WRL-317880,,
World,OWID_WRL,-316903,245.2,OWID_WRL-316903,,
World,OWID_WRL,-315983,251.6,OWID_WRL-315983,,
World,OWID_WRL,-315200,272.6,OWID_WRL-315200,,
World,OWID_WRL,-314501,246.8,OWID_WRL-314501,,
World,OWID_WRL,-313708,257.1,OWID_WRL-313708,,
World,OWID_WRL,-312886,256.7,OWID_WRL-312886,,
World,OWID_WRL,-312102,251.6,OWID_WRL-312102,,
World,OWID_WRL,-311393,241.9,OWID_WRL-311393,,
World,OWID_WRL,-310643,239,OWID_WRL-310643,,
World,OWID_WRL,-309720,237.8,OWID_WRL-309720,,
World,OWID_WRL,-308826,233.2,OWID_WRL-308826,,
World,OWID_WRL,-308061,226.2,OWID_WRL-308061,,
World,OWID_WRL,-307474,227.8,OWID_WRL-307474,,
World,OWID_WRL,-306376,225.8,OWID_WRL-306376,,
World,OWID_WRL,-305513,244.8,OWID_WRL-305513,,
World,OWID_WRL,-304631,248.6,OWID_WRL-304631,,
World,OWID_WRL,-303828,250.2,OWID_WRL-303828,,
World,OWID_WRL,-303150,240.7,OWID_WRL-303150,,
World,OWID_WRL,-302151,240.2,OWID_WRL-302151,,
World,OWID_WRL,-301166,236,OWID_WRL-301166,,
World,OWID_WRL,-300134,239,OWID_WRL-300134,,
World,OWID_WRL,-299076,236.1,OWID_WRL-299076,,
World,OWID_WRL,-298166,231,OWID_WRL-298166,,
World,OWID_WRL,-297426,224.4,OWID_WRL-297426,,
World,OWID_WRL,-296755,217.1,OWID_WRL-296755,,
World,OWID_WRL,-294879,213.1,OWID_WRL-294879,,
World,OWID_WRL,-293414,212.7,OWID_WRL-293414,,
World,OWID_WRL,-292505,206.7,OWID_WRL-292505,,
World,OWID_WRL,-291701,206,OWID_WRL-291701,,
World,OWID_WRL,-290868,207.6,OWID_WRL-290868,,
World,OWID_WRL,-289613,217.1,OWID_WRL-289613,,
World,OWID_WRL,-288914,220.4,OWID_WRL-288914,,
World,OWID_WRL,-288235,234.9,OWID_WRL-288235,,
World,OWID_WRL,-286336,231,OWID_WRL-286336,,
World,OWID_WRL,-285870,230.4,OWID_WRL-285870,,
World,OWID_WRL,-285494,231.4,OWID_WRL-285494,,
World,OWID_WRL,-284660,226.4,OWID_WRL-284660,,
World,OWID_WRL,-283981,228,OWID_WRL-283981,,
World,OWID_WRL,-282485,231.3,OWID_WRL-282485,,
World,OWID_WRL,-280643,223.7,OWID_WRL-280643,,
World,OWID_WRL,-279451,215.3,OWID_WRL-279451,,
World,OWID_WRL,-278609,211,OWID_WRL-278609,,
World,OWID_WRL,-277669,204.5,OWID_WRL-277669,,
World,OWID_WRL,-276641,202.2,OWID_WRL-276641,,
World,OWID_WRL,-275493,193.2,OWID_WRL-275493,,
World,OWID_WRL,-274308,198.4,OWID_WRL-274308,,
World,OWID_WRL,-273205,194.1,OWID_WRL-273205,,
World,OWID_WRL,-272214,193.9,OWID_WRL-272214,,
World,OWID_WRL,-271216,190.4,OWID_WRL-271216,,
World,OWID_WRL,-270200,184.7,OWID_WRL-270200,,
World,OWID_WRL,-269086,198.8,OWID_WRL-269086,,
World,OWID_WRL,-267990,194.2,OWID_WRL-267990,,
World,OWID_WRL,-267046,187.2,OWID_WRL-267046,,
World,OWID_WRL,-266308,188.7,OWID_WRL-266308,,
World,OWID_WRL,-265057,211.7,OWID_WRL-265057,,
World,OWID_WRL,-264184,199.9,OWID_WRL-264184,,
World,OWID_WRL,-262634,228.1,OWID_WRL-262634,,
World,OWID_WRL,-260867,214.6,OWID_WRL-260867,,
World,OWID_WRL,-260105,208.9,OWID_WRL-260105,,
World,OWID_WRL,-259344,205.7,OWID_WRL-259344,,
World,OWID_WRL,-258944,209.6,OWID_WRL-258944,,
World,OWID_WRL,-257447,203.9,OWID_WRL-257447,,
World,OWID_WRL,-255958,204,OWID_WRL-255958,,
World,OWID_WRL,-255111,201.9,OWID_WRL-255111,,
World,OWID_WRL,-254349,199,OWID_WRL-254349,,
World,OWID_WRL,-252637,195.4,OWID_WRL-252637,,
World,OWID_WRL,-251807,196.7,OWID_WRL-251807,,
World,OWID_WRL,-251004,195.4,OWID_WRL-251004,,
World,OWID_WRL,-250182,213.9,OWID_WRL-250182,,
World,OWID_WRL,-249441,200.2,OWID_WRL-249441,,
World,OWID_WRL,-247150,214.7,OWID_WRL-247150,,
World,OWID_WRL,-244920,219.4,OWID_WRL-244920,,
World,OWID_WRL,-244239,230.4,OWID_WRL-244239,,
World,OWID_WRL,-243614,236.7,OWID_WRL-243614,,
World,OWID_WRL,-243107,249.9,OWID_WRL-243107,,
World,OWID_WRL,-242632,252.3,OWID_WRL-242632,,
World,OWID_WRL,-242172,263.7,OWID_WRL-242172,,
World,OWID_WRL,-241189,280.2,OWID_WRL-241189,,
World,OWID_WRL,-240735,279,OWID_WRL-240735,,
World,OWID_WRL,-239905,263.2,OWID_WRL-239905,,
World,OWID_WRL,-239383,259.7,OWID_WRL-239383,,
World,OWID_WRL,-238240,252.8,OWID_WRL-238240,,
World,OWID_WRL,-237789,247.4,OWID_WRL-237789,,
World,OWID_WRL,-237437,245.8,OWID_WRL-237437,,
World,OWID_WRL,-237058,245.6,OWID_WRL-237058,,
World,OWID_WRL,-236475,239.1,OWID_WRL-236475,,
World,OWID_WRL,-235956,243.1,OWID_WRL-235956,,
World,OWID_WRL,-235442,247.4,OWID_WRL-235442,,
World,OWID_WRL,-234901,241.4,OWID_WRL-234901,,
World,OWID_WRL,-234476,252.1,OWID_WRL-234476,,
World,OWID_WRL,-234041,245.2,OWID_WRL-234041,,
World,OWID_WRL,-230906,241.6,OWID_WRL-230906,,
World,OWID_WRL,-230242,233.9,OWID_WRL-230242,,
World,OWID_WRL,-229180,232.4,OWID_WRL-229180,,
World,OWID_WRL,-227622,224.5,OWID_WRL-227622,,
World,OWID_WRL,-226817,233.1,OWID_WRL-226817,,
World,OWID_WRL,-226489,234.5,OWID_WRL-226489,,
World,OWID_WRL,-225770,235.5,OWID_WRL-225770,,
World,OWID_WRL,-224900,215.7,OWID_WRL-224900,,
World,OWID_WRL,-224310,203.3,OWID_WRL-224310,,
World,OWID_WRL,-222322,205.6,OWID_WRL-222322,,
World,OWID_WRL,-221179,208.8,OWID_WRL-221179,,
World,OWID_WRL,-220590,207.1,OWID_WRL-220590,,
World,OWID_WRL,-219747,216.1,OWID_WRL-219747,,
World,OWID_WRL,-218986,214.1,OWID_WRL-218986,,
World,OWID_WRL,-217118,240.5,OWID_WRL-217118,,
World,OWID_WRL,-216251,245.3,OWID_WRL-216251,,
World,OWID_WRL,-215745,251.1,OWID_WRL-215745,,
World,OWID_WRL,-215466,251.7,OWID_WRL-215466,,
World,OWID_WRL,-214915,247.5,OWID_WRL-214915,,
World,OWID_WRL,-214356,242.6,OWID_WRL-214356,,
World,OWID_WRL,-213962,240.3,OWID_WRL-213962,,
World,OWID_WRL,-213131,241.4,OWID_WRL-213131,,
World,OWID_WRL,-212209,251.2,OWID_WRL-212209,,
World,OWID_WRL,-211380,243.4,OWID_WRL-211380,,
World,OWID_WRL,-210583,257.4,OWID_WRL-210583,,
World,OWID_WRL,-210129,239.5,OWID_WRL-210129,,
World,OWID_WRL,-209628,246.9,OWID_WRL-209628,,
World,OWID_WRL,-209108,252,OWID_WRL-209108,,
World,OWID_WRL,-208882,247.2,OWID_WRL-208882,,
World,OWID_WRL,-208225,243.9,OWID_WRL-208225,,
World,OWID_WRL,-208016,244.6,OWID_WRL-208016,,
World,OWID_WRL,-207495,242.2,OWID_WRL-207495,,
World,OWID_WRL,-207132,240.5,OWID_WRL-207132,,
World,OWID_WRL,-206872,230,OWID_WRL-206872,,
World,OWID_WRL,-206325,237.2,OWID_WRL-206325,,
World,OWID_WRL,-206159,238.1,OWID_WRL-206159,,
World,OWID_WRL,-205673,231.4,OWID_WRL-205673,,
World,OWID_WRL,-205290,229.4,OWID_WRL-205290,,
World,OWID_WRL,-204947,226.3,OWID_WRL-204947,,
World,OWID_WRL,-204410,228.6,OWID_WRL-204410,,
World,OWID_WRL,-203995,232.2,OWID_WRL-203995,,
World,OWID_WRL,-203626,231.9,OWID_WRL-203626,,
World,OWID_WRL,-203253,244.4,OWID_WRL-203253,,
World,OWID_WRL,-201892,247.6,OWID_WRL-201892,,
World,OWID_WRL,-200795,239.1,OWID_WRL-200795,,
World,OWID_WRL,-199802,250.9,OWID_WRL-199802,,
World,OWID_WRL,-196988,242.6,OWID_WRL-196988,,
World,OWID_WRL,-196377,241.2,OWID_WRL-196377,,
World,OWID_WRL,-195637,226.4,OWID_WRL-195637,,
World,OWID_WRL,-193850,220,OWID_WRL-193850,,
World,OWID_WRL,-193177,226.5,OWID_WRL-193177,,
World,OWID_WRL,-191125,218,OWID_WRL-191125,,
World,OWID_WRL,-190014,220.3,OWID_WRL-190014,,
World,OWID_WRL,-189305,231.4,OWID_WRL-189305,,
World,OWID_WRL,-187857,231.3,OWID_WRL-187857,,
World,OWID_WRL,-186487,210.7,OWID_WRL-186487,,
World,OWID_WRL,-184461,203.4,OWID_WRL-184461,,
World,OWID_WRL,-182421,199.7,OWID_WRL-182421,,
World,OWID_WRL,-181308,198.1,OWID_WRL-181308,,
World,OWID_WRL,-180246,217.7,OWID_WRL-180246,,
World,OWID_WRL,-179352,213.2,OWID_WRL-179352,,
World,OWID_WRL,-177923,207.7,OWID_WRL-177923,,
World,OWID_WRL,-175780,190.1,OWID_WRL-175780,,
World,OWID_WRL,-175584,189.4,OWID_WRL-175584,,
World,OWID_WRL,-174903,190.3,OWID_WRL-174903,,
World,OWID_WRL,-173883,196,OWID_WRL-173883,,
World,OWID_WRL,-172492,197.7,OWID_WRL-172492,,
World,OWID_WRL,-169989,197.8,OWID_WRL-169989,,
World,OWID_WRL,-167564,196.6,OWID_WRL-167564,,
World,OWID_WRL,-166796,183.8,OWID_WRL-166796,,
World,OWID_WRL,-165964,186.7,OWID_WRL-165964,,
World,OWID_WRL,-164834,190.1,OWID_WRL-164834,,
World,OWID_WRL,-164193,191.6,OWID_WRL-164193,,
World,OWID_WRL,-162385,196.5,OWID_WRL-162385,,
World,OWID_WRL,-161908,204.3,OWID_WRL-161908,,
World,OWID_WRL,-158205,187.5,OWID_WRL-158205,,
World,OWID_WRL,-157766,185.5,OWID_WRL-157766,,
World,OWID_WRL,-156716,189,OWID_WRL-156716,,
World,OWID_WRL,-154357,189.38,OWID_WRL-154357,,
World,OWID_WRL,-152939,196.3,OWID_WRL-152939,,
World,OWID_WRL,-151825,198.78,OWID_WRL-151825,,
World,OWID_WRL,-149495,202.35,OWID_WRL-149495,,
World,OWID_WRL,-148645,202.51,OWID_WRL-148645,,
World,OWID_WRL,-147516,201.78,OWID_WRL-147516,,
World,OWID_WRL,-146283,195.81,OWID_WRL-146283,,
World,OWID_WRL,-144158,193.59,OWID_WRL-144158,,
World,OWID_WRL,-142850,196.02,OWID_WRL-142850,,
World,OWID_WRL,-141701,194.59,OWID_WRL-141701,,
World,OWID_WRL,-140411,196.51,OWID_WRL-140411,,
World,OWID_WRL,-138000,192.75,OWID_WRL-138000,,
World,OWID_WRL,-136884,198.55,OWID_WRL-136884,,
World,OWID_WRL,-135813,199.18,OWID_WRL-135813,,
World,OWID_WRL,-134616,203.74,OWID_WRL-134616,,
World,OWID_WRL,-132572,212.43,OWID_WRL-132572,,
World,OWID_WRL,-131826,222.74,OWID_WRL-131826,,
World,OWID_WRL,-130982,224.63,OWID_WRL-130982,,
World,OWID_WRL,-130760,228,OWID_WRL-130760,,
World,OWID_WRL,-130026,232.28,OWID_WRL-130026,,
World,OWID_WRL,-129372,241.13,OWID_WRL-129372,,
World,OWID_WRL,-128868,250.84,OWID_WRL-128868,,
World,OWID_WRL,-128423,251.84,OWID_WRL-128423,,
World,OWID_WRL,-127706,260.61,OWID_WRL-127706,,
World,OWID_WRL,-127128,268.44,OWID_WRL-127128,,
World,OWID_WRL,-126928,271.08,OWID_WRL-126928,,
World,OWID_WRL,-126517,285.76,OWID_WRL-126517,,
World,OWID_WRL,-126223,280.72,OWID_WRL-126223,,
World,OWID_WRL,-126074,276.03,OWID_WRL-126074,,
World,OWID_WRL,-125554,276.88,OWID_WRL-125554,,
World,OWID_WRL,-125364,275.78,OWID_WRL-125364,,
World,OWID_WRL,-125012,274.93,OWID_WRL-125012,,
World,OWID_WRL,-124750,273.02,OWID_WRL-124750,,
World,OWID_WRL,-124064,275.15,OWID_WRL-124064,,
World,OWID_WRL,-123343,276.81,OWID_WRL-123343,,
World,OWID_WRL,-122867,275.52,OWID_WRL-122867,,
World,OWID_WRL,-122455,281.54,OWID_WRL-122455,,
World,OWID_WRL,-122009,275.87,OWID_WRL-122009,,
World,OWID_WRL,-121681,274.6,OWID_WRL-121681,,
World,OWID_WRL,-121064,279.16,OWID_WRL-121064,,
World,OWID_WRL,-120342,279,OWID_WRL-120342,,
World,OWID_WRL,-120150,278.25,OWID_WRL-120150,,
World,OWID_WRL,-119892,276.61,OWID_WRL-119892,,
World,OWID_WRL,-119476,279.48,OWID_WRL-119476,,
World,OWID_WRL,-118593,276.82,OWID_WRL-118593,,
World,OWID_WRL,-118194,268.73,OWID_WRL-118194,,
World,OWID_WRL,-117766,274.59,OWID_WRL-117766,,
World,OWID_WRL,-117293,267.74,OWID_WRL-117293,,
World,OWID_WRL,-116708,277.72,OWID_WRL-116708,,
World,OWID_WRL,-115669,274.98,OWID_WRL-115669,,
World,OWID_WRL,-115236,274.03,OWID_WRL-115236,,
World,OWID_WRL,-114526,273.63,OWID_WRL-114526,,
World,OWID_WRL,-113959,273.16,OWID_WRL-113959,,
World,OWID_WRL,-113497,276.96,OWID_WRL-113497,,
World,OWID_WRL,-112865,275.07,OWID_WRL-112865,,
World,OWID_WRL,-112300,267.9,OWID_WRL-112300,,
World,OWID_WRL,-111729,260.58,OWID_WRL-111729,,
World,OWID_WRL,-111169,264.75,OWID_WRL-111169,,
World,OWID_WRL,-110992,263.12,OWID_WRL-110992,,
World,OWID_WRL,-110686,256.79,OWID_WRL-110686,,
World,OWID_WRL,-109927,257.93,OWID_WRL-109927,,
World,OWID_WRL,-108605,246.69,OWID_WRL-108605,,
World,OWID_WRL,-107890,244.13,OWID_WRL-107890,,
World,OWID_WRL,-107179,244.44,OWID_WRL-107179,,
World,OWID_WRL,-106452,236.43,OWID_WRL-106452,,
World,OWID_WRL,-105025,240.34,OWID_WRL-105025,,
World,OWID_WRL,-104418,244.83,OWID_WRL-104418,,
World,OWID_WRL,-104306,241.4,OWID_WRL-104306,,
World,OWID_WRL,-104040,257.58,OWID_WRL-104040,,
World,OWID_WRL,-103557,248.78,OWID_WRL-103557,,
World,OWID_WRL,-103016,242.36,OWID_WRL-103016,,
World,OWID_WRL,-102381,238.88,OWID_WRL-102381,,
World,OWID_WRL,-102324,247.76,OWID_WRL-102324,,
World,OWID_WRL,-101359,240.68,OWID_WRL-101359,,
World,OWID_WRL,-100815,237.07,OWID_WRL-100815,,
World,OWID_WRL,-100022,240.07,OWID_WRL-100022,,
World,OWID_WRL,-99376,244.76,OWID_WRL-99376,,
World,OWID_WRL,-98593,247.87,OWID_WRL-98593,,
World,OWID_WRL,-98127,245.63,OWID_WRL-98127,,
World,OWID_WRL,-97411,242.99,OWID_WRL-97411,,
World,OWID_WRL,-96634,243.18,OWID_WRL-96634,,
World,OWID_WRL,-95977,239.86,OWID_WRL-95977,,
World,OWID_WRL,-95321,242.35,OWID_WRL-95321,,
World,OWID_WRL,-94525,245.76,OWID_WRL-94525,,
World,OWID_WRL,-93971,246.2,OWID_WRL-93971,,
World,OWID_WRL,-93284,242.91,OWID_WRL-93284,,
World,OWID_WRL,-92619,242.41,OWID_WRL-92619,,
World,OWID_WRL,-91873,238.21,OWID_WRL-91873,,
World,OWID_WRL,-91475,235.16,OWID_WRL-91475,,
World,OWID_WRL,-90718,232.46,OWID_WRL-90718,,
World,OWID_WRL,-90000,233.74,OWID_WRL-90000,,
World,OWID_WRL,-89495,231.12,OWID_WRL-89495,,
World,OWID_WRL,-88884,231.56,OWID_WRL-88884,,
World,OWID_WRL,-88367,229.74,OWID_WRL-88367,,
World,OWID_WRL,-87746,228.88,OWID_WRL-87746,,
World,OWID_WRL,-87295,227.38,OWID_WRL-87295,,
World,OWID_WRL,-86751,223.99,OWID_WRL-86751,,
World,OWID_WRL,-86186,217.8,OWID_WRL-86186,,
World,OWID_WRL,-85631,223.63,OWID_WRL-85631,,
World,OWID_WRL,-85078,221.06,OWID_WRL-85078,,
World,OWID_WRL,-84548,223.38,OWID_WRL-84548,,
World,OWID_WRL,-83941,228.76,OWID_WRL-83941,,
World,OWID_WRL,-83417,234.69,OWID_WRL-83417,,
World,OWID_WRL,-82987,238.42,OWID_WRL-82987,,
World,OWID_WRL,-82407,243.16,OWID_WRL-82407,,
World,OWID_WRL,-81991,250.79,OWID_WRL-81991,,
World,OWID_WRL,-81604,247.1,OWID_WRL-81604,,
World,OWID_WRL,-81038,246.32,OWID_WRL-81038,,
World,OWID_WRL,-80577,240.87,OWID_WRL-80577,,
World,OWID_WRL,-80119,238.89,OWID_WRL-80119,,
World,OWID_WRL,-79761,234.13,OWID_WRL-79761,,
World,OWID_WRL,-79257,230.33,OWID_WRL-79257,,
World,OWID_WRL,-78772,233.92,OWID_WRL-78772,,
World,OWID_WRL,-78380,230.6,OWID_WRL-78380,,
World,OWID_WRL,-77928,234.74,OWID_WRL-77928,,
World,OWID_WRL,-77460,229.26,OWID_WRL-77460,,
World,OWID_WRL,-77020,227.3,OWID_WRL-77020,,
World,OWID_WRL,-76558,224.14,OWID_WRL-76558,,
World,OWID_WRL,-76131,226.65,OWID_WRL-76131,,
World,OWID_WRL,-75666,224.92,OWID_WRL-75666,,
World,OWID_WRL,-75106,231.68,OWID_WRL-75106,,
World,OWID_WRL,-74747,238.01,OWID_WRL-74747,,
World,OWID_WRL,-74297,239.34,OWID_WRL-74297,,
World,OWID_WRL,-73901,249.94,OWID_WRL-73901,,
World,OWID_WRL,-73595,249.52,OWID_WRL-73595,,
World,OWID_WRL,-73118,243.27,OWID_WRL-73118,,
World,OWID_WRL,-72576,241.24,OWID_WRL-72576,,
World,OWID_WRL,-72271,231.33,OWID_WRL-72271,,
World,OWID_WRL,-71801,232.74,OWID_WRL-71801,,
World,OWID_WRL,-71269,230.89,OWID_WRL-71269,,
World,OWID_WRL,-70916,232.33,OWID_WRL-70916,,
World,OWID_WRL,-70540,232.79,OWID_WRL-70540,,
World,OWID_WRL,-70143,239.46,OWID_WRL-70143,,
World,OWID_WRL,-69744,237.56,OWID_WRL-69744,,
World,OWID_WRL,-69329,235.02,OWID_WRL-69329,,
World,OWID_WRL,-68979,225.17,OWID_WRL-68979,,
World,OWID_WRL,-68477,220.33,OWID_WRL-68477,,
World,OWID_WRL,-68102,215.55,OWID_WRL-68102,,
World,OWID_WRL,-67642,211.26,OWID_WRL-67642,,
World,OWID_WRL,-67132,205.42,OWID_WRL-67132,,
World,OWID_WRL,-66670,203.43,OWID_WRL-66670,,
World,OWID_WRL,-66196,200.17,OWID_WRL-66196,,
World,OWID_WRL,-65780,203.76,OWID_WRL-65780,,
World,OWID_WRL,-65365,201.14,OWID_WRL-65365,,
World,OWID_WRL,-65010,207.21,OWID_WRL-65010,,
World,OWID_WRL,-64489,204.39,OWID_WRL-64489,,
World,OWID_WRL,-63987,200.59,OWID_WRL-63987,,
World,OWID_WRL,-63815,198.17,OWID_WRL-63815,,
World,OWID_WRL,-63596,208.98,OWID_WRL-63596,,
World,OWID_WRL,-63097,199.17,OWID_WRL-63097,,
World,OWID_WRL,-62917,201.67,OWID_WRL-62917,,
World,OWID_WRL,-62707,203.7,OWID_WRL-62707,,
World,OWID_WRL,-62164,199.73,OWID_WRL-62164,,
World,OWID_WRL,-61947,197.24,OWID_WRL-61947,,
World,OWID_WRL,-61606,197.4,OWID_WRL-61606,,
World,OWID_WRL,-61011,200.15,OWID_WRL-61011,,
World,OWID_WRL,-60825,202.71,OWID_WRL-60825,,
World,OWID_WRL,-60602,202.56,OWID_WRL-60602,,
World,OWID_WRL,-59951,206.38,OWID_WRL-59951,,
World,OWID_WRL,-59604,210.9,OWID_WRL-59604,,
World,OWID_WRL,-59285,210.57,OWID_WRL-59285,,
World,OWID_WRL,-59111,207.95,OWID_WRL-59111,,
World,OWID_WRL,-58868,213.78,OWID_WRL-58868,,
World,OWID_WRL,-58567,217.25,OWID_WRL-58567,,
World,OWID_WRL,-58423,212.87,OWID_WRL-58423,,
World,OWID_WRL,-58160,216.66,OWID_WRL-58160,,
World,OWID_WRL,-57783,223.45,OWID_WRL-57783,,
World,OWID_WRL,-57430,226.35,OWID_WRL-57430,,
World,OWID_WRL,-57155,231.29,OWID_WRL-57155,,
World,OWID_WRL,-56483,223.15,OWID_WRL-56483,,
World,OWID_WRL,-56267,224.35,OWID_WRL-56267,,
World,OWID_WRL,-55894,223.72,OWID_WRL-55894,,
World,OWID_WRL,-55526,217.38,OWID_WRL-55526,,
World,OWID_WRL,-55261,215.7,OWID_WRL-55261,,
World,OWID_WRL,-54554,212.44,OWID_WRL-54554,,
World,OWID_WRL,-54287,207.67,OWID_WRL-54287,,
World,OWID_WRL,-53960,210.27,OWID_WRL-53960,,
World,OWID_WRL,-53603,214.78,OWID_WRL-53603,,
World,OWID_WRL,-53343,208.19,OWID_WRL-53343,,
World,OWID_WRL,-53064,216.86,OWID_WRL-53064,,
World,OWID_WRL,-52745,213.89,OWID_WRL-52745,,
World,OWID_WRL,-52437,217.96,OWID_WRL-52437,,
World,OWID_WRL,-52207,220.37,OWID_WRL-52207,,
World,OWID_WRL,-51856,221.14,OWID_WRL-51856,,
World,OWID_WRL,-51450,223.26,OWID_WRL-51450,,
World,OWID_WRL,-51158,223.72,OWID_WRL-51158,,
World,OWID_WRL,-50851,221.15,OWID_WRL-50851,,
World,OWID_WRL,-50624,220.72,OWID_WRL-50624,,
World,OWID_WRL,-50435,219.08,OWID_WRL-50435,,
World,OWID_WRL,-50137,213.82,OWID_WRL-50137,,
World,OWID_WRL,-49830,215.08,OWID_WRL-49830,,
World,OWID_WRL,-49481,211.57,OWID_WRL-49481,,
World,OWID_WRL,-49079,207.64,OWID_WRL-49079,,
World,OWID_WRL,-48577,207.41,OWID_WRL-48577,,
World,OWID_WRL,-48271,206.74,OWID_WRL-48271,,
World,OWID_WRL,-48057,204.38,OWID_WRL-48057,,
World,OWID_WRL,-47778,203.87,OWID_WRL-47778,,
World,OWID_WRL,-47513,204.06,OWID_WRL-47513,,
World,OWID_WRL,-47353,200.12,OWID_WRL-47353,,
World,OWID_WRL,-47038,201.58,OWID_WRL-47038,,
World,OWID_WRL,-46478,200.98,OWID_WRL-46478,,
World,OWID_WRL,-46273,206.18,OWID_WRL-46273,,
World,OWID_WRL,-45994,205.66,OWID_WRL-45994,,
World,OWID_WRL,-45760,203.79,OWID_WRL-45760,,
World,OWID_WRL,-45574,204.26,OWID_WRL-45574,,
World,OWID_WRL,-45365,207.6,OWID_WRL-45365,,
World,OWID_WRL,-45136,210.27,OWID_WRL-45136,,
World,OWID_WRL,-44938,210.84,OWID_WRL-44938,,
World,OWID_WRL,-44796,214.18,OWID_WRL-44796,,
World,OWID_WRL,-44686,216.42,OWID_WRL-44686,,
World,OWID_WRL,-44359,218.35,OWID_WRL-44359,,
World,OWID_WRL,-44231,219.25,OWID_WRL-44231,,
World,OWID_WRL,-44107,221.77,OWID_WRL-44107,,
World,OWID_WRL,-43927,222.72,OWID_WRL-43927,,
World,OWID_WRL,-43746,217.51,OWID_WRL-43746,,
World,OWID_WRL,-43510,214.5,OWID_WRL-43510,,
World,OWID_WRL,-43330,213.92,OWID_WRL-43330,,
World,OWID_WRL,-43192,207.95,OWID_WRL-43192,,
World,OWID_WRL,-43046,211.49,OWID_WRL-43046,,
World,OWID_WRL,-42866,210.44,OWID_WRL-42866,,
World,OWID_WRL,-42706,212.29,OWID_WRL-42706,,
World,OWID_WRL,-42541,204.83,OWID_WRL-42541,,
World,OWID_WRL,-42400,206.22,OWID_WRL-42400,,
World,OWID_WRL,-42254,202,OWID_WRL-42254,,
World,OWID_WRL,-42145,204.31,OWID_WRL-42145,,
World,OWID_WRL,-41859,201.69,OWID_WRL-41859,,
World,OWID_WRL,-41711,203.18,OWID_WRL-41711,,
World,OWID_WRL,-41566,204.22,OWID_WRL-41566,,
World,OWID_WRL,-41401,201.66,OWID_WRL-41401,,
World,OWID_WRL,-41222,203.16,OWID_WRL-41222,,
World,OWID_WRL,-41018,204.26,OWID_WRL-41018,,
World,OWID_WRL,-40900,206.35,OWID_WRL-40900,,
World,OWID_WRL,-40678,204.83,OWID_WRL-40678,,
World,OWID_WRL,-40366,200.9,OWID_WRL-40366,,
World,OWID_WRL,-39951,199.89,OWID_WRL-39951,,
World,OWID_WRL,-39809,201.12,OWID_WRL-39809,,
World,OWID_WRL,-39656,205.49,OWID_WRL-39656,,
World,OWID_WRL,-39354,204.19,OWID_WRL-39354,,
World,OWID_WRL,-39218,201.53,OWID_WRL-39218,,
World,OWID_WRL,-38957,200.97,OWID_WRL-38957,,
World,OWID_WRL,-38804,200.47,OWID_WRL-38804,,
World,OWID_WRL,-38603,201.48,OWID_WRL-38603,,
World,OWID_WRL,-38536,201.32,OWID_WRL-38536,,
World,OWID_WRL,-38358,197.9,OWID_WRL-38358,,
World,OWID_WRL,-38195,193.69,OWID_WRL-38195,,
World,OWID_WRL,-38162,193.08,OWID_WRL-38162,,
World,OWID_WRL,-38093,192.6,OWID_WRL-38093,,
World,OWID_WRL,-37951,197.55,OWID_WRL-37951,,
World,OWID_WRL,-37935,193.87,OWID_WRL-37935,,
World,OWID_WRL,-37807,193.58,OWID_WRL-37807,,
World,OWID_WRL,-37759,196.67,OWID_WRL-37759,,
World,OWID_WRL,-37671,195.7,OWID_WRL-37671,,
World,OWID_WRL,-37565,200.4,OWID_WRL-37565,,
World,OWID_WRL,-37504,198.14,OWID_WRL-37504,,
World,OWID_WRL,-37453,191.53,OWID_WRL-37453,,
World,OWID_WRL,-37429,204.78,OWID_WRL-37429,,
World,OWID_WRL,-37390,207.87,OWID_WRL-37390,,
World,OWID_WRL,-37370,209.33,OWID_WRL-37370,,
World,OWID_WRL,-37353,209.5,OWID_WRL-37353,,
World,OWID_WRL,-37316,208.69,OWID_WRL-37316,,
World,OWID_WRL,-37171,207.32,OWID_WRL-37171,,
World,OWID_WRL,-37104,204.28,OWID_WRL-37104,,
World,OWID_WRL,-37027,202.34,OWID_WRL-37027,,
World,OWID_WRL,-37006,205.99,OWID_WRL-37006,,
World,OWID_WRL,-36925,205.65,OWID_WRL-36925,,
World,OWID_WRL,-36863,206.09,OWID_WRL-36863,,
World,OWID_WRL,-36773,206.54,OWID_WRL-36773,,
World,OWID_WRL,-36721,204.46,OWID_WRL-36721,,
World,OWID_WRL,-36672,204.79,OWID_WRL-36672,,
World,OWID_WRL,-36624,208.23,OWID_WRL-36624,,
World,OWID_WRL,-36583,210.08,OWID_WRL-36583,,
World,OWID_WRL,-36523,207.23,OWID_WRL-36523,,
World,OWID_WRL,-36463,210.79,OWID_WRL-36463,,
World,OWID_WRL,-36409,208,OWID_WRL-36409,,
World,OWID_WRL,-36334,207.41,OWID_WRL-36334,,
World,OWID_WRL,-36242,206.52,OWID_WRL-36242,,
World,OWID_WRL,-36216,208.34,OWID_WRL-36216,,
World,OWID_WRL,-36139,214.36,OWID_WRL-36139,,
World,OWID_WRL,-36050,211.21,OWID_WRL-36050,,
World,OWID_WRL,-35945,214.21,OWID_WRL-35945,,
World,OWID_WRL,-35827,212.09,OWID_WRL-35827,,
World,OWID_WRL,-35698,212.14,OWID_WRL-35698,,
World,OWID_WRL,-35669,214.3,OWID_WRL-35669,,
World,OWID_WRL,-35511,209.84,OWID_WRL-35511,,
World,OWID_WRL,-35481,212.51,OWID_WRL-35481,,
World,OWID_WRL,-35388,206.59,OWID_WRL-35388,,
World,OWID_WRL,-35352,209.66,OWID_WRL-35352,,
World,OWID_WRL,-35347,208.25,OWID_WRL-35347,,
World,OWID_WRL,-35193,207.35,OWID_WRL-35193,,
World,OWID_WRL,-35169,210.16,OWID_WRL-35169,,
World,OWID_WRL,-35073,206.36,OWID_WRL-35073,,
World,OWID_WRL,-34990,203.51,OWID_WRL-34990,,
World,OWID_WRL,-34870,202.76,OWID_WRL-34870,,
World,OWID_WRL,-34763,203.75,OWID_WRL-34763,,
World,OWID_WRL,-34720,203.77,OWID_WRL-34720,,
World,OWID_WRL,-34642,205.1,OWID_WRL-34642,,
World,OWID_WRL,-34556,198.96,OWID_WRL-34556,,
World,OWID_WRL,-34312,200.09,OWID_WRL-34312,,
World,OWID_WRL,-34223,201.78,OWID_WRL-34223,,
World,OWID_WRL,-34137,204.12,OWID_WRL-34137,,
World,OWID_WRL,-33998,198.8,OWID_WRL-33998,,
World,OWID_WRL,-33905,203.29,OWID_WRL-33905,,
World,OWID_WRL,-33752,200.5,OWID_WRL-33752,,
World,OWID_WRL,-33723,201.81,OWID_WRL-33723,,
World,OWID_WRL,-33618,201.83,OWID_WRL-33618,,
World,OWID_WRL,-33581,201.89,OWID_WRL-33581,,
World,OWID_WRL,-33559,202.04,OWID_WRL-33559,,
World,OWID_WRL,-33547,201.06,OWID_WRL-33547,,
World,OWID_WRL,-33496,200.3,OWID_WRL-33496,,
World,OWID_WRL,-33433,201.36,OWID_WRL-33433,,
World,OWID_WRL,-33409,203.62,OWID_WRL-33409,,
World,OWID_WRL,-33387,204.47,OWID_WRL-33387,,
World,OWID_WRL,-33332,205.38,OWID_WRL-33332,,
World,OWID_WRL,-33216,203.6,OWID_WRL-33216,,
World,OWID_WRL,-33140,198.78,OWID_WRL-33140,,
World,OWID_WRL,-32917,203.09,OWID_WRL-32917,,
World,OWID_WRL,-32876,202.8,OWID_WRL-32876,,
World,OWID_WRL,-32761,197.16,OWID_WRL-32761,,
World,OWID_WRL,-32698,198.89,OWID_WRL-32698,,
World,OWID_WRL,-32670,200.29,OWID_WRL-32670,,
World,OWID_WRL,-32653,199.49,OWID_WRL-32653,,
World,OWID_WRL,-32607,199.65,OWID_WRL-32607,,
World,OWID_WRL,-32384,196.2,OWID_WRL-32384,,
World,OWID_WRL,-32363,196.27,OWID_WRL-32363,,
World,OWID_WRL,-32301,195.79,OWID_WRL-32301,,
World,OWID_WRL,-32240,194.89,OWID_WRL-32240,,
World,OWID_WRL,-32114,195.93,OWID_WRL-32114,,
World,OWID_WRL,-32042,195.41,OWID_WRL-32042,,
World,OWID_WRL,-32007,196.47,OWID_WRL-32007,,
World,OWID_WRL,-31976,194.47,OWID_WRL-31976,,
World,OWID_WRL,-31958,194.46,OWID_WRL-31958,,
World,OWID_WRL,-31936,195.27,OWID_WRL-31936,,
World,OWID_WRL,-31891,195.63,OWID_WRL-31891,,
World,OWID_WRL,-31808,200.03,OWID_WRL-31808,,
World,OWID_WRL,-31605,197.8,OWID_WRL-31605,,
World,OWID_WRL,-31541,197.13,OWID_WRL-31541,,
World,OWID_WRL,-31468,196.9,OWID_WRL-31468,,
World,OWID_WRL,-31198,197.65,OWID_WRL-31198,,
World,OWID_WRL,-31059,196.33,OWID_WRL-31059,,
World,OWID_WRL,-30931,196.7,OWID_WRL-30931,,
World,OWID_WRL,-30863,199.3,OWID_WRL-30863,,
World,OWID_WRL,-30764,195.94,OWID_WRL-30764,,
World,OWID_WRL,-30728,195.08,OWID_WRL-30728,,
World,OWID_WRL,-30645,194.43,OWID_WRL-30645,,
World,OWID_WRL,-30561,194.61,OWID_WRL-30561,,
World,OWID_WRL,-30485,194.11,OWID_WRL-30485,,
World,OWID_WRL,-30411,195.25,OWID_WRL-30411,,
World,OWID_WRL,-30358,192.47,OWID_WRL-30358,,
World,OWID_WRL,-30201,196.91,OWID_WRL-30201,,
World,OWID_WRL,-30198,196.42,OWID_WRL-30198,,
World,OWID_WRL,-30130,193.91,OWID_WRL-30130,,
World,OWID_WRL,-30077,193.33,OWID_WRL-30077,,
World,OWID_WRL,-29984,192.51,OWID_WRL-29984,,
World,OWID_WRL,-29868,192.93,OWID_WRL-29868,,
World,OWID_WRL,-29842,193.71,OWID_WRL-29842,,
World,OWID_WRL,-29574,189.95,OWID_WRL-29574,,
World,OWID_WRL,-29406,188.48,OWID_WRL-29406,,
World,OWID_WRL,-29155,188,OWID_WRL-29155,,
World,OWID_WRL,-28826,190.33,OWID_WRL-28826,,
World,OWID_WRL,-28763,187.14,OWID_WRL-28763,,
World,OWID_WRL,-28579,182.94,OWID_WRL-28579,,
World,OWID_WRL,-28451,184.3,OWID_WRL-28451,,
World,OWID_WRL,-28363,185.99,OWID_WRL-28363,,
World,OWID_WRL,-28328,186.52,OWID_WRL-28328,,
World,OWID_WRL,-28232,188.48,OWID_WRL-28232,,
World,OWID_WRL,-28152,188.25,OWID_WRL-28152,,
World,OWID_WRL,-28049,191.57,OWID_WRL-28049,,
World,OWID_WRL,-28002,191.38,OWID_WRL-28002,,
World,OWID_WRL,-27888,190.97,OWID_WRL-27888,,
World,OWID_WRL,-27793,191.28,OWID_WRL-27793,,
World,OWID_WRL,-27731,189.77,OWID_WRL-27731,,
World,OWID_WRL,-27659,189.24,OWID_WRL-27659,,
World,OWID_WRL,-27460,189.21,OWID_WRL-27460,,
World,OWID_WRL,-27416,189.83,OWID_WRL-27416,,
World,OWID_WRL,-27374,191.01,OWID_WRL-27374,,
World,OWID_WRL,-27300,192.39,OWID_WRL-27300,,
World,OWID_WRL,-27255,188.1,OWID_WRL-27255,,
World,OWID_WRL,-27201,192.26,OWID_WRL-27201,,
World,OWID_WRL,-27059,192.87,OWID_WRL-27059,,
World,OWID_WRL,-26999,193.26,OWID_WRL-26999,,
World,OWID_WRL,-26953,192.69,OWID_WRL-26953,,
World,OWID_WRL,-26892,193.89,OWID_WRL-26892,,
World,OWID_WRL,-26774,193.8,OWID_WRL-26774,,
World,OWID_WRL,-26676,192.82,OWID_WRL-26676,,
World,OWID_WRL,-26627,193.1,OWID_WRL-26627,,
World,OWID_WRL,-26477,189.65,OWID_WRL-26477,,
World,OWID_WRL,-26464,189.16,OWID_WRL-26464,,
World,OWID_WRL,-26420,192.63,OWID_WRL-26420,,
World,OWID_WRL,-26322,191.59,OWID_WRL-26322,,
World,OWID_WRL,-26264,191.82,OWID_WRL-26264,,
World,OWID_WRL,-26147,189.96,OWID_WRL-26147,,
World,OWID_WRL,-26023,189.29,OWID_WRL-26023,,
World,OWID_WRL,-25977,188.99,OWID_WRL-25977,,
World,OWID_WRL,-25935,189.28,OWID_WRL-25935,,
World,OWID_WRL,-25916,190.58,OWID_WRL-25916,,
World,OWID_WRL,-25871,187.59,OWID_WRL-25871,,
World,OWID_WRL,-25769,189.3,OWID_WRL-25769,,
World,OWID_WRL,-25764,190.61,OWID_WRL-25764,,
World,OWID_WRL,-25737,192.71,OWID_WRL-25737,,
World,OWID_WRL,-25711,191.46,OWID_WRL-25711,,
World,OWID_WRL,-25636,191.95,OWID_WRL-25636,,
World,OWID_WRL,-25600,191.53,OWID_WRL-25600,,
World,OWID_WRL,-25553,191.23,OWID_WRL-25553,,
World,OWID_WRL,-25492,191.95,OWID_WRL-25492,,
World,OWID_WRL,-25330,190.06,OWID_WRL-25330,,
World,OWID_WRL,-25220,194.93,OWID_WRL-25220,,
World,OWID_WRL,-25135,186.27,OWID_WRL-25135,,
World,OWID_WRL,-25092,187.39,OWID_WRL-25092,,
World,OWID_WRL,-25005,188.08,OWID_WRL-25005,,
World,OWID_WRL,-24908,186.43,OWID_WRL-24908,,
World,OWID_WRL,-24754,185.44,OWID_WRL-24754,,
World,OWID_WRL,-24587,185.51,OWID_WRL-24587,,
World,OWID_WRL,-24511,186.01,OWID_WRL-24511,,
World,OWID_WRL,-24365,183.77,OWID_WRL-24365,,
World,OWID_WRL,-24305,184.57,OWID_WRL-24305,,
World,OWID_WRL,-24066,184.52,OWID_WRL-24066,,
World,OWID_WRL,-23836,186.54,OWID_WRL-23836,,
World,OWID_WRL,-23594,183.38,OWID_WRL-23594,,
World,OWID_WRL,-23401,182.66,OWID_WRL-23401,,
World,OWID_WRL,-23214,180.69,OWID_WRL-23214,,
World,OWID_WRL,-22694,180.57,OWID_WRL-22694,,
World,OWID_WRL,-22320,186.73,OWID_WRL-22320,,
World,OWID_WRL,-22128,184.68,OWID_WRL-22128,,
World,OWID_WRL,-21924,183.13,OWID_WRL-21924,,
World,OWID_WRL,-21651,187.99,OWID_WRL-21651,,
World,OWID_WRL,-21495,186.78,OWID_WRL-21495,,
World,OWID_WRL,-21408,193.53,OWID_WRL-21408,,
World,OWID_WRL,-21327,197.67,OWID_WRL-21327,,
World,OWID_WRL,-21235,188.6,OWID_WRL-21235,,
World,OWID_WRL,-21157,190.08,OWID_WRL-21157,,
World,OWID_WRL,-21064,190.53,OWID_WRL-21064,,
World,OWID_WRL,-21044,189.4,OWID_WRL-21044,,
World,OWID_WRL,-20884,186.13,OWID_WRL-20884,,
World,OWID_WRL,-20799,190.01,OWID_WRL-20799,,
World,OWID_WRL,-20701,188.49,OWID_WRL-20701,,
World,OWID_WRL,-20654,185.21,OWID_WRL-20654,,
World,OWID_WRL,-20600,184.68,OWID_WRL-20600,,
World,OWID_WRL,-20398,187.02,OWID_WRL-20398,,
World,OWID_WRL,-20342,187.22,OWID_WRL-20342,,
World,OWID_WRL,-20281,191.27,OWID_WRL-20281,,
World,OWID_WRL,-20106,187.38,OWID_WRL-20106,,
World,OWID_WRL,-19964,190.78,OWID_WRL-19964,,
World,OWID_WRL,-19841,187.96,OWID_WRL-19841,,
World,OWID_WRL,-19613,185.23,OWID_WRL-19613,,
World,OWID_WRL,-19395,187.24,OWID_WRL-19395,,
World,OWID_WRL,-19263,190.05,OWID_WRL-19263,,
World,OWID_WRL,-19118,188.4,OWID_WRL-19118,,
World,OWID_WRL,-19014,190.87,OWID_WRL-19014,,
World,OWID_WRL,-18878,192.66,OWID_WRL-18878,,
World,OWID_WRL,-18716,187.76,OWID_WRL-18716,,
World,OWID_WRL,-18587,193.93,OWID_WRL-18587,,
World,OWID_WRL,-18458,189.99,OWID_WRL-18458,,
World,OWID_WRL,-18263,190.47,OWID_WRL-18263,,
World,OWID_WRL,-18069,193.72,OWID_WRL-18069,,
World,OWID_WRL,-17934,196.06,OWID_WRL-17934,,
World,OWID_WRL,-17841,193.6,OWID_WRL-17841,,
World,OWID_WRL,-17679,191.42,OWID_WRL-17679,,
World,OWID_WRL,-17618,188.95,OWID_WRL-17618,,
World,OWID_WRL,-17493,191.52,OWID_WRL-17493,,
World,OWID_WRL,-17332,191.58,OWID_WRL-17332,,
World,OWID_WRL,-17203,191.09,OWID_WRL-17203,,
World,OWID_WRL,-17044,192.71,OWID_WRL-17044,,
World,OWID_WRL,-16917,188.5,OWID_WRL-16917,,
World,OWID_WRL,-16885,188.44,OWID_WRL-16885,,
World,OWID_WRL,-16854,192.97,OWID_WRL-16854,,
World,OWID_WRL,-16797,191.27,OWID_WRL-16797,,
World,OWID_WRL,-16727,193.9,OWID_WRL-16727,,
World,OWID_WRL,-16633,188.57,OWID_WRL-16633,,
World,OWID_WRL,-16570,187.67,OWID_WRL-16570,,
World,OWID_WRL,-16537,187.09,OWID_WRL-16537,,
World,OWID_WRL,-16508,187.45,OWID_WRL-16508,,
World,OWID_WRL,-16472,188.47,OWID_WRL-16472,,
World,OWID_WRL,-16441,188.21,OWID_WRL-16441,,
World,OWID_WRL,-16410,188.73,OWID_WRL-16410,,
World,OWID_WRL,-16374,187.12,OWID_WRL-16374,,
World,OWID_WRL,-16346,189.03,OWID_WRL-16346,,
World,OWID_WRL,-16315,188.52,OWID_WRL-16315,,
World,OWID_WRL,-16282,188.88,OWID_WRL-16282,,
World,OWID_WRL,-16252,185.65,OWID_WRL-16252,,
World,OWID_WRL,-16223,189.01,OWID_WRL-16223,,
World,OWID_WRL,-16190,184.88,OWID_WRL-16190,,
World,OWID_WRL,-16161,188.59,OWID_WRL-16161,,
World,OWID_WRL,-16132,188.64,OWID_WRL-16132,,
World,OWID_WRL,-16100,187.73,OWID_WRL-16100,,
World,OWID_WRL,-16074,187.79,OWID_WRL-16074,,
World,OWID_WRL,-16042,188.96,OWID_WRL-16042,,
World,OWID_WRL,-16016,188.66,OWID_WRL-16016,,
World,OWID_WRL,-15986,188.54,OWID_WRL-15986,,
World,OWID_WRL,-15957,191.72,OWID_WRL-15957,,
World,OWID_WRL,-15931,190.26,OWID_WRL-15931,,
World,OWID_WRL,-15905,189.52,OWID_WRL-15905,,
World,OWID_WRL,-15875,191.21,OWID_WRL-15875,,
World,OWID_WRL,-15848,187.25,OWID_WRL-15848,,
World,OWID_WRL,-15820,191.7,OWID_WRL-15820,,
World,OWID_WRL,-15794,190.41,OWID_WRL-15794,,
World,OWID_WRL,-15767,189.52,OWID_WRL-15767,,
World,OWID_WRL,-15741,191.52,OWID_WRL-15741,,
World,OWID_WRL,-15715,194.38,OWID_WRL-15715,,
World,OWID_WRL,-15688,193.21,OWID_WRL-15688,,
World,OWID_WRL,-15662,195.79,OWID_WRL-15662,,
World,OWID_WRL,-15636,196.96,OWID_WRL-15636,,
World,OWID_WRL,-15611,192.62,OWID_WRL-15611,,
World,OWID_WRL,-15585,192.37,OWID_WRL-15585,,
World,OWID_WRL,-15561,191.59,OWID_WRL-15561,,
World,OWID_WRL,-15535,191.48,OWID_WRL-15535,,
World,OWID_WRL,-15511,193,OWID_WRL-15511,,
World,OWID_WRL,-15485,190.76,OWID_WRL-15485,,
World,OWID_WRL,-15460,191.89,OWID_WRL-15460,,
World,OWID_WRL,-15435,193.02,OWID_WRL-15435,,
World,OWID_WRL,-15410,190.5,OWID_WRL-15410,,
World,OWID_WRL,-15362,194.65,OWID_WRL-15362,,
World,OWID_WRL,-15338,195.88,OWID_WRL-15338,,
World,OWID_WRL,-15286,198.29,OWID_WRL-15286,,
World,OWID_WRL,-15214,198.63,OWID_WRL-15214,,
World,OWID_WRL,-15142,202.1,OWID_WRL-15142,,
World,OWID_WRL,-15045,204.32,OWID_WRL-15045,,
World,OWID_WRL,-14979,202.93,OWID_WRL-14979,,
World,OWID_WRL,-14919,205.19,OWID_WRL-14919,,
World,OWID_WRL,-14848,205.53,OWID_WRL-14848,,
World,OWID_WRL,-14784,210.25,OWID_WRL-14784,,
World,OWID_WRL,-14706,213.15,OWID_WRL-14706,,
World,OWID_WRL,-14640,208.46,OWID_WRL-14640,,
World,OWID_WRL,-14604,208.65,OWID_WRL-14604,,
World,OWID_WRL,-14560,207.95,OWID_WRL-14560,,
World,OWID_WRL,-14522,213.94,OWID_WRL-14522,,
World,OWID_WRL,-14508,217.19,OWID_WRL-14508,,
World,OWID_WRL,-14481,211.79,OWID_WRL-14481,,
World,OWID_WRL,-14461,212.95,OWID_WRL-14461,,
World,OWID_WRL,-14442,209.51,OWID_WRL-14442,,
World,OWID_WRL,-14425,211.21,OWID_WRL-14425,,
World,OWID_WRL,-14404,214.83,OWID_WRL-14404,,
World,OWID_WRL,-14387,212.43,OWID_WRL-14387,,
World,OWID_WRL,-14367,214.6,OWID_WRL-14367,,
World,OWID_WRL,-14347,212.84,OWID_WRL-14347,,
World,OWID_WRL,-14329,214.22,OWID_WRL-14329,,
World,OWID_WRL,-14311,218.56,OWID_WRL-14311,,
World,OWID_WRL,-14291,220.49,OWID_WRL-14291,,
World,OWID_WRL,-14273,223.24,OWID_WRL-14273,,
World,OWID_WRL,-14259,227.32,OWID_WRL-14259,,
World,OWID_WRL,-14237,221.49,OWID_WRL-14237,,
World,OWID_WRL,-14217,226.19,OWID_WRL-14217,,
World,OWID_WRL,-14201,224.86,OWID_WRL-14201,,
World,OWID_WRL,-14164,222.41,OWID_WRL-14164,,
World,OWID_WRL,-14133,224.24,OWID_WRL-14133,,
World,OWID_WRL,-14084,224.48,OWID_WRL-14084,,
World,OWID_WRL,-14065,222.39,OWID_WRL-14065,,
World,OWID_WRL,-14049,224.41,OWID_WRL-14049,,
World,OWID_WRL,-14045,223.72,OWID_WRL-14045,,
World,OWID_WRL,-13987,223.77,OWID_WRL-13987,,
World,OWID_WRL,-13970,223.51,OWID_WRL-13970,,
World,OWID_WRL,-13895,222.36,OWID_WRL-13895,,
World,OWID_WRL,-13818,224.86,OWID_WRL-13818,,
World,OWID_WRL,-13755,222.16,OWID_WRL-13755,,
World,OWID_WRL,-13699,222.76,OWID_WRL-13699,,
World,OWID_WRL,-13596,223.53,OWID_WRL-13596,,
World,OWID_WRL,-13513,223.27,OWID_WRL-13513,,
World,OWID_WRL,-13460,224.74,OWID_WRL-13460,,
World,OWID_WRL,-13433,225.39,OWID_WRL-13433,,
World,OWID_WRL,-13395,228.92,OWID_WRL-13395,,
World,OWID_WRL,-13371,227.64,OWID_WRL-13371,,
World,OWID_WRL,-13331,225.77,OWID_WRL-13331,,
World,OWID_WRL,-13293,228.27,OWID_WRL-13293,,
World,OWID_WRL,-13269,230.18,OWID_WRL-13269,,
World,OWID_WRL,-13231,227.84,OWID_WRL-13231,,
World,OWID_WRL,-13207,228.81,OWID_WRL-13207,,
World,OWID_WRL,-13184,229.67,OWID_WRL-13184,,
World,OWID_WRL,-13146,234.47,OWID_WRL-13146,,
World,OWID_WRL,-13123,228.99,OWID_WRL-13123,,
World,OWID_WRL,-13085,225.38,OWID_WRL-13085,,
World,OWID_WRL,-13061,228.37,OWID_WRL-13061,,
World,OWID_WRL,-13037,227.65,OWID_WRL-13037,,
World,OWID_WRL,-13026,229.79,OWID_WRL-13026,,
World,OWID_WRL,-13004,228.89,OWID_WRL-13004,,
World,OWID_WRL,-12979,228.47,OWID_WRL-12979,,
World,OWID_WRL,-12966,228.36,OWID_WRL-12966,,
World,OWID_WRL,-12954,228.72,OWID_WRL-12954,,
World,OWID_WRL,-12942,230.63,OWID_WRL-12942,,
World,OWID_WRL,-12931,227.85,OWID_WRL-12931,,
World,OWID_WRL,-12919,232.22,OWID_WRL-12919,,
World,OWID_WRL,-12908,233.17,OWID_WRL-12908,,
World,OWID_WRL,-12895,227.87,OWID_WRL-12895,,
World,OWID_WRL,-12885,228.4,OWID_WRL-12885,,
World,OWID_WRL,-12872,226.51,OWID_WRL-12872,,
World,OWID_WRL,-12861,227.58,OWID_WRL-12861,,
World,OWID_WRL,-12849,228.5,OWID_WRL-12849,,
World,OWID_WRL,-12838,227.79,OWID_WRL-12838,,
World,OWID_WRL,-12826,227.39,OWID_WRL-12826,,
World,OWID_WRL,-12813,224.64,OWID_WRL-12813,,
World,OWID_WRL,-12809,227.9,OWID_WRL-12809,,
World,OWID_WRL,-12793,231.48,OWID_WRL-12793,,
World,OWID_WRL,-12781,234.54,OWID_WRL-12781,,
World,OWID_WRL,-12768,230.53,OWID_WRL-12768,,
World,OWID_WRL,-12757,228.18,OWID_WRL-12757,,
World,OWID_WRL,-12747,228.91,OWID_WRL-12747,,
World,OWID_WRL,-12736,237.49,OWID_WRL-12736,,
World,OWID_WRL,-12725,234.34,OWID_WRL-12725,,
World,OWID_WRL,-12714,233.42,OWID_WRL-12714,,
World,OWID_WRL,-12702,234.62,OWID_WRL-12702,,
World,OWID_WRL,-12695,238.12,OWID_WRL-12695,,
World,OWID_WRL,-12680,240.1,OWID_WRL-12680,,
World,OWID_WRL,-12669,237.97,OWID_WRL-12669,,
World,OWID_WRL,-12656,237.59,OWID_WRL-12656,,
World,OWID_WRL,-12645,235.31,OWID_WRL-12645,,
World,OWID_WRL,-12636,237.97,OWID_WRL-12636,,
World,OWID_WRL,-12626,239.77,OWID_WRL-12626,,
World,OWID_WRL,-12614,239.86,OWID_WRL-12614,,
World,OWID_WRL,-12603,241.73,OWID_WRL-12603,,
World,OWID_WRL,-12592,235.83,OWID_WRL-12592,,
World,OWID_WRL,-12581,243.17,OWID_WRL-12581,,
World,OWID_WRL,-12571,241.14,OWID_WRL-12571,,
World,OWID_WRL,-12547,242.06,OWID_WRL-12547,,
World,OWID_WRL,-12514,238.61,OWID_WRL-12514,,
World,OWID_WRL,-12493,240.95,OWID_WRL-12493,,
World,OWID_WRL,-12472,242.6,OWID_WRL-12472,,
World,OWID_WRL,-12461,242.55,OWID_WRL-12461,,
World,OWID_WRL,-12425,240.33,OWID_WRL-12425,,
World,OWID_WRL,-12404,238.39,OWID_WRL-12404,,
World,OWID_WRL,-12393,242.08,OWID_WRL-12393,,
World,OWID_WRL,-12359,235.8,OWID_WRL-12359,,
World,OWID_WRL,-12349,239.04,OWID_WRL-12349,,
World,OWID_WRL,-12323,240.21,OWID_WRL-12323,,
World,OWID_WRL,-12287,236.6,OWID_WRL-12287,,
World,OWID_WRL,-12256,238.36,OWID_WRL-12256,,
World,OWID_WRL,-12230,239.36,OWID_WRL-12230,,
World,OWID_WRL,-12207,239.24,OWID_WRL-12207,,
World,OWID_WRL,-12170,236.4,OWID_WRL-12170,,
World,OWID_WRL,-12134,232.88,OWID_WRL-12134,,
World,OWID_WRL,-12110,241.27,OWID_WRL-12110,,
World,OWID_WRL,-12073,237.87,OWID_WRL-12073,,
World,OWID_WRL,-12052,235.92,OWID_WRL-12052,,
World,OWID_WRL,-11990,240.57,OWID_WRL-11990,,
World,OWID_WRL,-11922,237.95,OWID_WRL-11922,,
World,OWID_WRL,-11877,239.08,OWID_WRL-11877,,
World,OWID_WRL,-11809,241.11,OWID_WRL-11809,,
World,OWID_WRL,-11763,241.59,OWID_WRL-11763,,
World,OWID_WRL,-11695,238.55,OWID_WRL-11695,,
World,OWID_WRL,-11651,243.86,OWID_WRL-11651,,
World,OWID_WRL,-11582,235.83,OWID_WRL-11582,,
World,OWID_WRL,-11537,240.25,OWID_WRL-11537,,
World,OWID_WRL,-11468,237.83,OWID_WRL-11468,,
World,OWID_WRL,-11354,236.86,OWID_WRL-11354,,
World,OWID_WRL,-11317,240.42,OWID_WRL-11317,,
World,OWID_WRL,-11266,239.41,OWID_WRL-11266,,
World,OWID_WRL,-11223,236.91,OWID_WRL-11223,,
World,OWID_WRL,-11178,234.82,OWID_WRL-11178,,
World,OWID_WRL,-11138,241.56,OWID_WRL-11138,,
World,OWID_WRL,-11117,237.91,OWID_WRL-11117,,
World,OWID_WRL,-11094,238.86,OWID_WRL-11094,,
World,OWID_WRL,-11072,234.68,OWID_WRL-11072,,
World,OWID_WRL,-11051,239.42,OWID_WRL-11051,,
World,OWID_WRL,-11031,237.15,OWID_WRL-11031,,
World,OWID_WRL,-11010,240.71,OWID_WRL-11010,,
World,OWID_WRL,-10989,238.18,OWID_WRL-10989,,
World,OWID_WRL,-10967,238.79,OWID_WRL-10967,,
World,OWID_WRL,-10943,239.44,OWID_WRL-10943,,
World,OWID_WRL,-10924,241.24,OWID_WRL-10924,,
World,OWID_WRL,-10903,239.35,OWID_WRL-10903,,
World,OWID_WRL,-10880,242.15,OWID_WRL-10880,,
World,OWID_WRL,-10859,242.23,OWID_WRL-10859,,
World,OWID_WRL,-10836,241.5,OWID_WRL-10836,,
World,OWID_WRL,-10813,240.02,OWID_WRL-10813,,
World,OWID_WRL,-10790,247.3,OWID_WRL-10790,,
World,OWID_WRL,-10770,241.59,OWID_WRL-10770,,
World,OWID_WRL,-10747,244.24,OWID_WRL-10747,,
World,OWID_WRL,-10724,242.53,OWID_WRL-10724,,
World,OWID_WRL,-10704,243.95,OWID_WRL-10704,,
World,OWID_WRL,-10680,246.94,OWID_WRL-10680,,
World,OWID_WRL,-10658,248.09,OWID_WRL-10658,,
World,OWID_WRL,-10637,247.02,OWID_WRL-10637,,
World,OWID_WRL,-10615,244.27,OWID_WRL-10615,,
World,OWID_WRL,-10594,249.92,OWID_WRL-10594,,
World,OWID_WRL,-10571,246.74,OWID_WRL-10571,,
World,OWID_WRL,-10546,244.42,OWID_WRL-10546,,
World,OWID_WRL,-10525,246.18,OWID_WRL-10525,,
World,OWID_WRL,-10505,245.83,OWID_WRL-10505,,
World,OWID_WRL,-10482,247.67,OWID_WRL-10482,,
World,OWID_WRL,-10459,246.4,OWID_WRL-10459,,
World,OWID_WRL,-10438,243,OWID_WRL-10438,,
World,OWID_WRL,-10415,244.31,OWID_WRL-10415,,
World,OWID_WRL,-10393,246.97,OWID_WRL-10393,,
World,OWID_WRL,-10371,250.73,OWID_WRL-10371,,
World,OWID_WRL,-10351,248.92,OWID_WRL-10351,,
World,OWID_WRL,-10331,249.38,OWID_WRL-10331,,
World,OWID_WRL,-10306,248.95,OWID_WRL-10306,,
World,OWID_WRL,-10283,249.23,OWID_WRL-10283,,
World,OWID_WRL,-10261,249.65,OWID_WRL-10261,,
World,OWID_WRL,-10240,250.97,OWID_WRL-10240,,
World,OWID_WRL,-10218,251.42,OWID_WRL-10218,,
World,OWID_WRL,-10196,251.14,OWID_WRL-10196,,
World,OWID_WRL,-10175,253.02,OWID_WRL-10175,,
World,OWID_WRL,-10155,255.66,OWID_WRL-10155,,
World,OWID_WRL,-10130,251.03,OWID_WRL-10130,,
World,OWID_WRL,-10109,253.1,OWID_WRL-10109,,
World,OWID_WRL,-10087,248.41,OWID_WRL-10087,,
World,OWID_WRL,-10066,247.85,OWID_WRL-10066,,
World,OWID_WRL,-10041,255.39,OWID_WRL-10041,,
World,OWID_WRL,-10020,253.99,OWID_WRL-10020,,
World,OWID_WRL,-9998,248.92,OWID_WRL-9998,,
World,OWID_WRL,-9977,258.57,OWID_WRL-9977,,
World,OWID_WRL,-9955,255.9,OWID_WRL-9955,,
World,OWID_WRL,-9933,251.56,OWID_WRL-9933,,
World,OWID_WRL,-9913,253.63,OWID_WRL-9913,,
World,OWID_WRL,-9893,254.31,OWID_WRL-9893,,
World,OWID_WRL,-9871,257.17,OWID_WRL-9871,,
World,OWID_WRL,-9853,258.53,OWID_WRL-9853,,
World,OWID_WRL,-9831,258.25,OWID_WRL-9831,,
World,OWID_WRL,-9809,258.74,OWID_WRL-9809,,
World,OWID_WRL,-9791,255.89,OWID_WRL-9791,,
World,OWID_WRL,-9770,256.04,OWID_WRL-9770,,
World,OWID_WRL,-9751,253.99,OWID_WRL-9751,,
World,OWID_WRL,-9733,254.62,OWID_WRL-9733,,
World,OWID_WRL,-9715,247.55,OWID_WRL-9715,,
World,OWID_WRL,-9698,257.13,OWID_WRL-9698,,
World,OWID_WRL,-9679,266.22,OWID_WRL-9679,,
World,OWID_WRL,-9661,261.3,OWID_WRL-9661,,
World,OWID_WRL,-9642,260.7,OWID_WRL-9642,,
World,OWID_WRL,-9626,267.09,OWID_WRL-9626,,
World,OWID_WRL,-9610,262.74,OWID_WRL-9610,,
World,OWID_WRL,-9594,266.9,OWID_WRL-9594,,
World,OWID_WRL,-9574,269.51,OWID_WRL-9574,,
World,OWID_WRL,-9557,267.66,OWID_WRL-9557,,
World,OWID_WRL,-9540,267.17,OWID_WRL-9540,,
World,OWID_WRL,-9523,269.1,OWID_WRL-9523,,
World,OWID_WRL,-9503,268.87,OWID_WRL-9503,,
World,OWID_WRL,-9486,270.14,OWID_WRL-9486,,
World,OWID_WRL,-9467,264.48,OWID_WRL-9467,,
World,OWID_WRL,-9450,268.16,OWID_WRL-9450,,
World,OWID_WRL,-9433,264.84,OWID_WRL-9433,,
World,OWID_WRL,-9389,264.81,OWID_WRL-9389,,
World,OWID_WRL,-9367,264.1,OWID_WRL-9367,,
World,OWID_WRL,-9307,264.4,OWID_WRL-9307,,
World,OWID_WRL,-9251,265.3,OWID_WRL-9251,,
World,OWID_WRL,-9236,265,OWID_WRL-9236,,
World,OWID_WRL,-9211,264.8,OWID_WRL-9211,,
World,OWID_WRL,-9140,264.8,OWID_WRL-9140,,
World,OWID_WRL,-9004,267.6,OWID_WRL-9004,,
World,OWID_WRL,-8886,265.1,OWID_WRL-8886,,
World,OWID_WRL,-8852,266,OWID_WRL-8852,,
World,OWID_WRL,-8730,266.9,OWID_WRL-8730,,
World,OWID_WRL,-8556,267.5,OWID_WRL-8556,,
World,OWID_WRL,-8417,264.9,OWID_WRL-8417,,
World,OWID_WRL,-8350,265.7,OWID_WRL-8350,,
World,OWID_WRL,-8243,263.4,OWID_WRL-8243,,
World,OWID_WRL,-8185,264,OWID_WRL-8185,,
World,OWID_WRL,-8043,264.2,OWID_WRL-8043,,
World,OWID_WRL,-7951,264.4,OWID_WRL-7951,,
World,OWID_WRL,-7623,263.8,OWID_WRL-7623,,
World,OWID_WRL,-7606,263,OWID_WRL-7606,,
World,OWID_WRL,-7574,260.9,OWID_WRL-7574,,
World,OWID_WRL,-7568,260.6,OWID_WRL-7568,,
World,OWID_WRL,-7487,265.2,OWID_WRL-7487,,
World,OWID_WRL,-7411,263.8,OWID_WRL-7411,,
World,OWID_WRL,-7345,263.7,OWID_WRL-7345,,
World,OWID_WRL,-7193,262,OWID_WRL-7193,,
World,OWID_WRL,-7110,259.3,OWID_WRL-7110,,
World,OWID_WRL,-7043,260.4,OWID_WRL-7043,,
World,OWID_WRL,-6962,260.9,OWID_WRL-6962,,
World,OWID_WRL,-6831,259,OWID_WRL-6831,,
World,OWID_WRL,-6761,261.8,OWID_WRL-6761,,
World,OWID_WRL,-6597,260.7,OWID_WRL-6597,,
World,OWID_WRL,-6510,261.3,OWID_WRL-6510,,
World,OWID_WRL,-6402,258.3,OWID_WRL-6402,,
World,OWID_WRL,-6245,259.3,OWID_WRL-6245,,
World,OWID_WRL,-6166,259.6,OWID_WRL-6166,,
World,OWID_WRL,-6026,260.8,OWID_WRL-6026,,
World,OWID_WRL,-5976,259.2,OWID_WRL-5976,,
World,OWID_WRL,-5910,259.7,OWID_WRL-5910,,
World,OWID_WRL,-5770,260.4,OWID_WRL-5770,,
World,OWID_WRL,-5711,260.1,OWID_WRL-5711,,
World,OWID_WRL,-5548,258.4,OWID_WRL-5548,,
World,OWID_WRL,-5455,260.7,OWID_WRL-5455,,
World,OWID_WRL,-5324,263,OWID_WRL-5324,,
World,OWID_WRL,-5238,262.3,OWID_WRL-5238,,
World,OWID_WRL,-5088,257.6,OWID_WRL-5088,,
World,OWID_WRL,-5020,258.1,OWID_WRL-5020,,
World,OWID_WRL,-4930,262.9,OWID_WRL-4930,,
World,OWID_WRL,-4820,262.1,OWID_WRL-4820,,
World,OWID_WRL,-4733,259.4,OWID_WRL-4733,,
World,OWID_WRL,-4622,261.1,OWID_WRL-4622,,
World,OWID_WRL,-4451,261.2,OWID_WRL-4451,,
World,OWID_WRL,-4387,262.7,OWID_WRL-4387,,
World,OWID_WRL,-4352,263.2,OWID_WRL-4352,,
World,OWID_WRL,-4140,265.5,OWID_WRL-4140,,
World,OWID_WRL,-4049,266.7,OWID_WRL-4049,,
World,OWID_WRL,-3984,260.7,OWID_WRL-3984,,
World,OWID_WRL,-3902,265.5,OWID_WRL-3902,,
World,OWID_WRL,-3808,265.9,OWID_WRL-3808,,
World,OWID_WRL,-3631,267.6,OWID_WRL-3631,,
World,OWID_WRL,-3583,265.2,OWID_WRL-3583,,
World,OWID_WRL,-3408,265.3,OWID_WRL-3408,,
World,OWID_WRL,-3361,267.6,OWID_WRL-3361,,
World,OWID_WRL,-3269,269.8,OWID_WRL-3269,,
World,OWID_WRL,-3137,268.6,OWID_WRL-3137,,
World,OWID_WRL,-3032,269.3,OWID_WRL-3032,,
World,OWID_WRL,-2971,270.7,OWID_WRL-2971,,
World,OWID_WRL,-2823,271.5,OWID_WRL-2823,,
World,OWID_WRL,-2697,269.8,OWID_WRL-2697,,
World,OWID_WRL,-2643,269.1,OWID_WRL-2643,,
World,OWID_WRL,-2544,271.1,OWID_WRL-2544,,
World,OWID_WRL,-2393,271.5,OWID_WRL-2393,,
World,OWID_WRL,-2325,272.8,OWID_WRL-2325,,
World,OWID_WRL,-2256,271.6,OWID_WRL-2256,,
World,OWID_WRL,-2159,271.7,OWID_WRL-2159,,
World,OWID_WRL,-2019,274.9,OWID_WRL-2019,,
World,OWID_WRL,-1906,275.4,OWID_WRL-1906,,
World,OWID_WRL,-1857,271.5,OWID_WRL-1857,,
World,OWID_WRL,-1743,273,OWID_WRL-1743,,
World,OWID_WRL,-1694,273.4,OWID_WRL-1694,,
World,OWID_WRL,-1578,275,OWID_WRL-1578,,
World,OWID_WRL,-1481,274,OWID_WRL-1481,,
World,OWID_WRL,-1334,273.1,OWID_WRL-1334,,
World,OWID_WRL,-1306,276.3,OWID_WRL-1306,,
World,OWID_WRL,-1107,274.6,OWID_WRL-1107,,
World,OWID_WRL,-999,276.3,OWID_WRL-999,,
World,OWID_WRL,-955,274.7,OWID_WRL-955,,
World,OWID_WRL,-852,275.3,OWID_WRL-852,,
World,OWID_WRL,-758,278.9,OWID_WRL-758,,
World,OWID_WRL,-678,273.9,OWID_WRL-678,,
World,OWID_WRL,-576,277.9,OWID_WRL-576,,
World,OWID_WRL,-464,277.6,OWID_WRL-464,,
World,OWID_WRL,-316,276.7,OWID_WRL-316,,
World,OWID_WRL,-284,276.7,OWID_WRL-284,,
World,OWID_WRL,-143,276.9,OWID_WRL-143,,
World,OWID_WRL,-50,278,OWID_WRL-50,,
World,OWID_WRL,1,276.7,OWID_WRL1,188239088,
World,OWID_WRL,30,277.9,OWID_WRL30,,
World,OWID_WRL,56,277.4,OWID_WRL56,,
World,OWID_WRL,104,277.5,OWID_WRL104,,
World,OWID_WRL,136,278.1,OWID_WRL136,,
World,OWID_WRL,154,278.07,OWID_WRL154,,
World,OWID_WRL,175,277.56,OWID_WRL175,,
World,OWID_WRL,241,280.25,OWID_WRL241,,
World,OWID_WRL,266,278.31,OWID_WRL266,,
World,OWID_WRL,274,280.24,OWID_WRL274,,
World,OWID_WRL,296,280.91,OWID_WRL296,,
World,OWID_WRL,318,281.69,OWID_WRL318,,
World,OWID_WRL,357,277.8,OWID_WRL357,,
World,OWID_WRL,384,277.25,OWID_WRL384,,
World,OWID_WRL,406,279.13,OWID_WRL406,,
World,OWID_WRL,437,280,OWID_WRL437,,
World,OWID_WRL,488,277.11,OWID_WRL488,,
World,OWID_WRL,518,276.79,OWID_WRL518,,
World,OWID_WRL,552,276.56,OWID_WRL552,,
World,OWID_WRL,557,278.46,OWID_WRL557,,
World,OWID_WRL,582,276.2,OWID_WRL582,,
World,OWID_WRL,615,277.87,OWID_WRL615,,
World,OWID_WRL,637,279.59,OWID_WRL637,,
World,OWID_WRL,669,278.45,OWID_WRL669,,
World,OWID_WRL,701,277.1,OWID_WRL701,,
World,OWID_WRL,730,279.99,OWID_WRL730,,
World,OWID_WRL,762,279.29,OWID_WRL762,,
World,OWID_WRL,793,279.72,OWID_WRL793,,
World,OWID_WRL,822,278.62,OWID_WRL822,,
World,OWID_WRL,875,279.42,OWID_WRL875,,
World,OWID_WRL,914,280.11,OWID_WRL914,,
World,OWID_WRL,958,277.41,OWID_WRL958,,
World,OWID_WRL,983,278.74,OWID_WRL983,,
World,OWID_WRL,1018,279.8,OWID_WRL1018,,
World,OWID_WRL,1019,280.06,OWID_WRL1019,,
World,OWID_WRL,1040,280.92,OWID_WRL1040,,
World,OWID_WRL,1049,280.97,OWID_WRL1049,,
World,OWID_WRL,1070,282.84,OWID_WRL1070,,
World,OWID_WRL,1099,283.09,OWID_WRL1099,,
World,OWID_WRL,1116,282.84,OWID_WRL1116,,
World,OWID_WRL,1146,284.51,OWID_WRL1146,,
World,OWID_WRL,1166,283.97,OWID_WRL1166,,
World,OWID_WRL,1200,284.54,OWID_WRL1200,393081024,
World,OWID_WRL,1211,283.69,OWID_WRL1211,,
World,OWID_WRL,1251,282.41,OWID_WRL1251,,
World,OWID_WRL,1260,282.2,OWID_WRL1260,,
World,OWID_WRL,1278,278.43,OWID_WRL1278,,
World,OWID_WRL,1307,281.58,OWID_WRL1307,,
World,OWID_WRL,1330,284.07,OWID_WRL1330,,
World,OWID_WRL,1349,278.36,OWID_WRL1349,,
World,OWID_WRL,1390,280.91,OWID_WRL1390,,
World,OWID_WRL,1411,279.7,OWID_WRL1411,,
World,OWID_WRL,1429,279.73,OWID_WRL1429,,
World,OWID_WRL,1449,282.23,OWID_WRL1449,,
World,OWID_WRL,1469,280.31,OWID_WRL1469,,
World,OWID_WRL,1502,283.12,OWID_WRL1502,,
World,OWID_WRL,1530,283.95,OWID_WRL1530,,
World,OWID_WRL,1550,283.53,OWID_WRL1550,,
World,OWID_WRL,1560,281.83,OWID_WRL1560,,
World,OWID_WRL,1573,282.57,OWID_WRL1573,,
World,OWID_WRL,1588,281.11,OWID_WRL1588,,
World,OWID_WRL,1591,279.36,OWID_WRL1591,,
World,OWID_WRL,1603,275.07,OWID_WRL1603,,
World,OWID_WRL,1609,271.11,OWID_WRL1609,,
World,OWID_WRL,1629,273.78,OWID_WRL1629,,
World,OWID_WRL,1640,276.69,OWID_WRL1640,,
World,OWID_WRL,1649,278.02,OWID_WRL1649,,
World,OWID_WRL,1682,276.66,OWID_WRL1682,,
World,OWID_WRL,1690,276.32,OWID_WRL1690,,
World,OWID_WRL,1694,277.36,OWID_WRL1694,,
World,OWID_WRL,1723,277.64,OWID_WRL1723,,
World,OWID_WRL,1734,278.31,OWID_WRL1734,,
World,OWID_WRL,1741,276.81,OWID_WRL1741,,
World,OWID_WRL,1749,277.6,OWID_WRL1749,,
World,OWID_WRL,1752,277.23,OWID_WRL1752,,
World,OWID_WRL,1763,277.16,OWID_WRL1763,,
World,OWID_WRL,1764,276.4,OWID_WRL1764,,
World,OWID_WRL,1773,277.86,OWID_WRL1773,,
World,OWID_WRL,1779,280.24,OWID_WRL1779,,
World,OWID_WRL,1780,273.07,OWID_WRL1780,,
World,OWID_WRL,1794,281.62,OWID_WRL1794,,
World,OWID_WRL,1796,281.35,OWID_WRL1796,,
World,OWID_WRL,1799,282.8,OWID_WRL1799,,
World,OWID_WRL,1814,284.43,OWID_WRL1814,,
World,OWID_WRL,1825,281.36,OWID_WRL1825,,
World,OWID_WRL,1827,285.91,OWID_WRL1827,,
World,OWID_WRL,1833,284.45,OWID_WRL1833,,
World,OWID_WRL,1837,284.15,OWID_WRL1837,,
World,OWID_WRL,1841,283.65,OWID_WRL1841,,
World,OWID_WRL,1843,281.58,OWID_WRL1843,,
World,OWID_WRL,1844,283.53,OWID_WRL1844,,
World,OWID_WRL,1845,283.18,OWID_WRL1845,,
World,OWID_WRL,1846,283.62,OWID_WRL1846,,
World,OWID_WRL,1847,286.84,OWID_WRL1847,,
World,OWID_WRL,1850,284,OWID_WRL1850,1262682112,0
World,OWID_WRL,1851,287.13,OWID_WRL1851,,
World,OWID_WRL,1854,288.05,OWID_WRL1854,,
World,OWID_WRL,1855,285.57,OWID_WRL1855,,
World,OWID_WRL,1857,283.16,OWID_WRL1857,,
World,OWID_WRL,1859,286.63,OWID_WRL1859,,
World,OWID_WRL,1862,287.17,OWID_WRL1862,,
World,OWID_WRL,1863,285.35,OWID_WRL1863,,
World,OWID_WRL,1864,286.65,OWID_WRL1864,,
World,OWID_WRL,1867,285.05,OWID_WRL1867,,
World,OWID_WRL,1868,288.76,OWID_WRL1868,,
World,OWID_WRL,1870,287.16,OWID_WRL1870,,5.55556
World,OWID_WRL,1873,286.66,OWID_WRL1873,,
World,OWID_WRL,1874,291.56,OWID_WRL1874,,
World,OWID_WRL,1877,289.33,OWID_WRL1877,,
World,OWID_WRL,1880,287.77,OWID_WRL1880,,33.33336
World,OWID_WRL,1883,292.46,OWID_WRL1883,,
World,OWID_WRL,1884,289.49,OWID_WRL1884,,
World,OWID_WRL,1886,288.12,OWID_WRL1886,,
World,OWID_WRL,1887,294.34,OWID_WRL1887,,
World,OWID_WRL,1889,292.34,OWID_WRL1889,,
World,OWID_WRL,1890,290.92,OWID_WRL1890,,88.88896
World,OWID_WRL,1892,295.17,OWID_WRL1892,,
World,OWID_WRL,1893,295.09,OWID_WRL1893,,
World,OWID_WRL,1894,293.49,OWID_WRL1894,,
World,OWID_WRL,1899,296.16,OWID_WRL1899,,
World,OWID_WRL,1900,294.22,OWID_WRL1900,1650000000,180.5557
World,OWID_WRL,1902,295.61,OWID_WRL1902,1669996544,
World,OWID_WRL,1904,295.99,OWID_WRL1904,1690269440,
World,OWID_WRL,1905,299.02,OWID_WRL1905,1700426240,
World,OWID_WRL,1906,298.48,OWID_WRL1906,1710550656,
World,OWID_WRL,1909,301.5,OWID_WRL1909,1740369408,
World,OWID_WRL,1910,297.87,OWID_WRL1910,1750000000,397.22254
World,OWID_WRL,1911,298.36,OWID_WRL1911,1759443072,
World,OWID_WRL,1913,301.3,OWID_WRL1913,1778264832,
World,OWID_WRL,1914,300.7,OWID_WRL1914,1787947136,
World,OWID_WRL,1916,301.92,OWID_WRL1916,1808639488,
World,OWID_WRL,1918,303.85,OWID_WRL1918,1832196096,
World,OWID_WRL,1919,304.61,OWID_WRL1919,1845476992,
World,OWID_WRL,1920,301.88,OWID_WRL1920,1860000000,888.8896
World,OWID_WRL,1923,304.69,OWID_WRL1923,1911708672,
World,OWID_WRL,1925,304.84,OWID_WRL1925,1952281984,
World,OWID_WRL,1928,306.84,OWID_WRL1928,2020593536,
World,OWID_WRL,1929,305.62,OWID_WRL1929,2044978048,
World,OWID_WRL,1931,305.74,OWID_WRL1931,2095524352,
World,OWID_WRL,1932,308.26,OWID_WRL1932,2121306496,
World,OWID_WRL,1933,307.11,OWID_WRL1933,2147063296,
World,OWID_WRL,1934,308.35,OWID_WRL1934,2172497152,
World,OWID_WRL,1935,306.32,OWID_WRL1935,2197296384,
World,OWID_WRL,1936,308.3,OWID_WRL1936,2221135616,
World,OWID_WRL,1937,307.41,OWID_WRL1937,2243677440,
World,OWID_WRL,1938,311.07,OWID_WRL1938,2264574208,
World,OWID_WRL,1939,310.83,OWID_WRL1939,2283468800,
World,OWID_WRL,1940,310.38,OWID_WRL1940,2300000000,2652.7799
World,OWID_WRL,1941,309.77,OWID_WRL1941,2314055168,
World,OWID_WRL,1942,312.37,OWID_WRL1942,2326540544,
World,OWID_WRL,1944,312.36,OWID_WRL1944,2351580160,
World,OWID_WRL,1945,310.94,OWID_WRL1945,2366593024,
World,OWID_WRL,1946,312.26,OWID_WRL1946,2384963584,
World,OWID_WRL,1947,311.61,OWID_WRL1947,2408024320,
World,OWID_WRL,1948,311.57,OWID_WRL1948,2437183232,
World,OWID_WRL,1949,309.69,OWID_WRL1949,2473954560,
World,OWID_WRL,1950,312.83,OWID_WRL1950,2536431104,5444.4488
World,OWID_WRL,1952,312.18,OWID_WRL1952,2630862080,
World,OWID_WRL,1954,312.73,OWID_WRL1954,2724847104,
World,OWID_WRL,1955,314.71,OWID_WRL1955,2773019904,
World,OWID_WRL,1956,315.34,OWID_WRL1956,2822443008,
World,OWID_WRL,1957,315.34,OWID_WRL1957,2873306112,
World,OWID_WRL,1958,315.34,OWID_WRL1958,2925687040,
World,OWID_WRL,1959,315.97,OWID_WRL1959,2979576064,
World,OWID_WRL,1960,316.91,OWID_WRL1960,3034949888,11097.2311
World,OWID_WRL,1961,317.64,OWID_WRL1961,3091844096,
World,OWID_WRL,1962,318.45,OWID_WRL1962,3150420992,
World,OWID_WRL,1963,318.99,OWID_WRL1963,3211001088,
World,OWID_WRL,1964,319.62,OWID_WRL1964,3273978112,
World,OWID_WRL,1965,320.04,OWID_WRL1965,3339584000,18054.69004
World,OWID_WRL,1966,321.38,OWID_WRL1966,3407922944,19442.23715
World,OWID_WRL,1967,322.16,OWID_WRL1967,3478769920,20830.13575
World,OWID_WRL,1968,323.04,OWID_WRL1968,3551599104,22613.21746
World,OWID_WRL,1969,324.62,OWID_WRL1969,3625680896,24534.98916
World,OWID_WRL,1970,325.68,OWID_WRL1970,3700436992,26649.8116
World,OWID_WRL,1971,326.32,OWID_WRL1971,3775759872,28233.71612
World,OWID_WRL,1972,327.45,OWID_WRL1972,3851651072,30399.20981
World,OWID_WRL,1973,329.68,OWID_WRL1973,3927781120,32775.00958
World,OWID_WRL,1974,330.18,OWID_WRL1974,4003793920,32299.54837
World,OWID_WRL,1975,331.11,OWID_WRL1975,4079480064,31973.18489
World,OWID_WRL,1976,332.04,OWID_WRL1976,4154667008,34064.96456
World,OWID_WRL,1977,333.83,OWID_WRL1977,4229506048,35224.40759
World,OWID_WRL,1978,335.4,OWID_WRL1978,4304534016,36354.28057
World,OWID_WRL,1979,336.84,OWID_WRL1979,4380506112,36953.1491
World,OWID_WRL,1980,338.75,OWID_WRL1980,4458002944,35506.32689
World,OWID_WRL,1981,340.11,OWID_WRL1981,4536996864,34228.87205
World,OWID_WRL,1982,341.45,OWID_WRL1982,4617387008,33177.85701
World,OWID_WRL,1983,343.05,OWID_WRL1983,4699569152,32981.31709
World,OWID_WRL,1984,344.65,OWID_WRL1984,4784011776,33746.54047
World,OWID_WRL,1985,346.12,OWID_WRL1985,4870922240,33792.84203
World,OWID_WRL,1986,347.42,OWID_WRL1986,4960567808,34819.31693
World,OWID_WRL,1987,349.19,OWID_WRL1987,5052521984,35532.11408
World,OWID_WRL,1988,351.57,OWID_WRL1988,5145425920,36735.8996
World,OWID_WRL,1989,353.12,OWID_WRL1989,5237441024,37343.11239
World,OWID_WRL,1990,354.39,OWID_WRL1990,5327230976,37736.94729
World,OWID_WRL,1991,355.61,OWID_WRL1991,5414288896,37763.14824
World,OWID_WRL,1992,356.45,OWID_WRL1992,5498919936,38422.53103
World,OWID_WRL,1993,357.1,OWID_WRL1993,5581598208,38179.42324
World,OWID_WRL,1994,358.83,OWID_WRL1994,5663150080,39021.80173
World,OWID_WRL,1995,360.82,OWID_WRL1995,5744212992,39555.43054
World,OWID_WRL,1996,362.61,OWID_WRL1996,5824891904,40480.1731
World,OWID_WRL,1997,363.73,OWID_WRL1997,5905046016,41544.67299
World,OWID_WRL,1998,366.7,OWID_WRL1998,5984794112,41768.48384
World,OWID_WRL,1999,368.38,OWID_WRL1999,6064239104,42510.09274
World,OWID_WRL,2000,369.55,OWID_WRL2000,6143494144,43038.62001
World,OWID_WRL,2001,371.14,OWID_WRL2001,6222626816,43421.10755
World,OWID_WRL,2002,373.28,OWID_WRL2002,6301772800,43796.55068
World,OWID_WRL,2003,375.8,OWID_WRL2003,6381185024,44803.21017
World,OWID_WRL,2004,377.52,OWID_WRL2004,6461158912,46503.96733
World,OWID_WRL,2005,379.8,OWID_WRL2005,6541906944,47115.72728
World,OWID_WRL,2006,381.9,OWID_WRL2006,6623518208,47732.19992
World,OWID_WRL,2007,383.79,OWID_WRL2007,6705947136,48471.73162
World,OWID_WRL,2008,385.6,OWID_WRL2008,6789088768,48250.64229
World,OWID_WRL,2009,387.43,OWID_WRL2009,6872766976,47422.36853
World,OWID_WRL,2010,389.9,OWID_WRL2010,6956824064,48949.72046
World,OWID_WRL,2011,391.65,OWID_WRL2011,7041193984,49455.27172
World,OWID_WRL,2012,393.85,OWID_WRL2012,7125828096,50065.86499
World,OWID_WRL,2013,396.52,OWID_WRL2013,7210582016,50698.38455
World,OWID_WRL,2014,398.65,OWID_WRL2014,7295290880,51109.97172
World,OWID_WRL,2015,400.83,OWID_WRL2015,7379796992,52053.27008
World,OWID_WRL,2016,404.24,OWID_WRL2016,7464022016,53001.86598
World,OWID_WRL,2017,406.55,OWID_WRL2017,7547858944,53752.27638
World,OWID_WRL,2018,408.52,OWID_WRL2018,7631091200,
